Workbook

Sheet B2B
A1: Sr. No. | B1: Type of Order(New/Upgrade) | C1: RA Number | E1: GTPL Circuit ID | F1: Customer Name | G1: BW | H1: Provider | I1: Services | J1: Location From | K1: Location To | L1: State | M1: END A BTS ID | N1: END B BTS ID | O1: Indent Number | P1: RA Received Date | Q1: RA Number | R1: END A Port | S1: END B Port | T1: IP Address | U1: Subnet | V1: Gateway | W1: LAN IP POOL | X1: IPV6 LAN IP Pool | Y1: VLAN / AS number | Z1: TELCO Delivery Date | AA1: Customer Billing Start Date | AB1: TELCO Acceptance Date | AC1: GTPL Circuit ID | AD1: AIRTEL Circuit ID | AE1: Remarks | AF1: Existing BW | AG1: NEW BW | AH1: Additional BW | AI1: Order closer date | AJ1: Status | AK1: DC Date
A2: 1 | B2: New | C2: 3230043 | E2: GTPL_MUM_33905 | F2: Trueinet Network | G2: 100 | H2: AIRTEL | I2: P2P | J2: Mumbai | K2: Palghar | M2: MUM/XVS/901 | N2: MPO/OBT/001 | Q2: 3230043 | R2: END A:MUM_XVS_901_10AC Port : GigabitEthernet0/2/9 VLAN : 190 | S2: END B:MPO_BCLMH_OBT_P_E53143 Port : TS6-4 | T2: NA | U2: NA | V2: NA | W2: NA | X2: NA | Y2: 190 | Z2: 43755 | AB2: 43774 | AC2: GTPL_MUM_33905 | AD2: 13273408 | AJ2: Inactive
A3: 2 | B3: New | C3: 3218818 | E3: GTPL_MUM_33910 | F3: Trueinet Network | G3: 250 | H3: AIRTEL | I3: P2P | J3: Mumbai | K3: Dhanu | M3: MUM/XVS/901 | N3: DUT/DCR/001 | Q3: 3218818 | R3: MUM_XVS_901_10AC_B_HAT910CR157-GigabitEthernet0/2/9 | S3: END B : DUT_BCLMH_DCR_P_E51175 TS4-1 | T3: NA | U3: NA | V3: NA | W3: NA | X3: NA | Y3: 109 | Z3: 43775 | AB3: 43776 | AC3: GTPL_MUM_33910 | AD3: 13262568 | AJ3: Inactive
A4: 3 | B4: New | C4: 3218823 | E4: GTPL_MUM_33911 | F4: Trueinet Network | G4: 155 | H4: AIRTEL | I4: P2P | J4: Mumbai | K4: Palghar | M4: MUM/XVS/901 | N4: PGR/ATK/004 | Q4: 3218823 | R4: END A : MUM_XVS_901_10AC_B_HAT910CR157-GigabitEthernet0/2/9 | S4: END B : PGR_BCLMH_ATK_P_E55903 TS3-1 | T4: NA | U4: NA | V4: NA | W4: NA | X4: NA | Y4: 106 | Z4: 43785 | AB4: 43785 | AC4: GTPL_MUM_33911 | AD4: 13263934 | AJ4: Inactive
A5: 4 | B5: New | C5: 3218816 | E5: GTPL_MUM_33916 | F5: Trueinet Network | G5: 250 | H5: AIRTEL | I5: P2P | J5: Mumbai | K5: Palghar | M5: MUM/XVS/901 | N5: PBR/BGN/012 | Q5: 3218816 | R5: MUM_XVS_901_10AC_B_HAT910CR157>dis curr int G0/2/9.VLAN-104 | S5: TAA_BCLMH_BGN_P_E89979 TS1-1 | T5: NA | U5: NA | V5: NA | W5: NA | X5: NA | Y5: 104 | Z5: 43802 | AB5: 43802 | AC5: GTPL_MUM_33916 | AD5: 13262482 | AJ5: Inactive
A6: 5 | B6: New | C6: 3279746 | E6: GTPL_MUM_33917 | F6: Trueinet Network | G6: 100 | H6: AIRTEL | I6: P2P | J6: Mumbai | K6: Dahanu | M6: MUM/XVS/901 | N6: THN/CHN/058 | Q6: 3279746 | R6: MUM_XVS_901_10AC_B_HAT910CR157>dis cu in GigabitEthernet0/2/9 | S6: THN_BCLMH_CHN_P_E51174 TS7-3 | T6: NA | U6: NA | V6: NA | W6: NA | X6: NA | Y6: 107 | Z6: 43830 | AB6: 43811 | AC6: GTPL_MUM_33917 | AD6: 13330609 | AJ6: Inactive
A7: 6 | B7: New | C7: 3716416 | E7: GTPL_P2P_10101 | F7: ARROW TOUCH WIRELESS INTERNET PRIVATE LIMTED | G7: 50 | H7: Airtel | I7: P2P | J7: Jasdan | K7: Kuranga | L7: Gujarat | M7: JDN/MCP/003 | N7: KUG/JOH/001 | Q7: 3716416 | R7: JDN_BCLGJ_MCP_P_E91271 TS7-4 VLAN 1104 | S7: KUG_BCLGJ_JOH_P_E52163 TS7-2 | T7: NA | U7: NA | V7: NA | W7: NA | X7: NA | Y7: 1104 | Z7: 44226 | AB7: 44227 | AC7: GTPL_P2P_10101 | AD7: 13831356 | AJ7: Active
A8: 7 | B8: New | C8: 3716415 | E8: GTPL_P2P_10102 | F8: ARROW TOUCH WIRELESS INTERNET PRIVATE LIMTED | G8: 80 | H8: Airtel | I8: P2P | J8: Jasdan | K8: Mundra | L8: Gujarat | M8: JDN/MCP/003 | N8: VKP/NSP/001 | Q8: 3716415 | R8: JDN_BCLGJ_MCP_P_E91271 NNI TS7-4 VLAN:786 | S8: VKP_BCLGJ_NSP_P_E52197 TS2-4 | T8: NA | U8: NA | V8: NA | W8: NA | X8: NA | Y8: 786 | Z8: 44226 | AB8: 44227 | AC8: GTPL_P2P_10102 | AD8: 13831357 | AJ8: Active
A9: 8 | B9: New + Upgrade | C9: 3703843 | E9: GTPL_P2P_10103 | F9: ARROW TOUCH WIRELESS INTERNET PRIVATE LIMTED | G9: 100 | H9: Airtel | I9: P2P | J9: Jasdan | K9: Jamjodhpur | L9: Gujarat | M9: JDN/MCP/003 | N9: JJO/NSM/001 | Q9: 3703843 | R9: JDN_BCLGJ_MCP_P_E91271 TS7-4 VLAN 1101 | S9: JJO_BCLGJ_NSM_P_E52172 TS6-2 | T9: NA | U9: NA | V9: NA | W9: NA | X9: NA | Y9: 1101 | Z9: 44226 | AB9: 44227 | AC9: GTPL_P2P_10103 | AD9: 13801004 | AF9: 80 | AG9: 100 | AH9: 20 | AI9: 44487 | AJ9: Active
A10: 9 | B10: New | C10: 3703842 | E10: GTPL_P2P_10104 | F10: ARROW TOUCH WIRELESS INTERNET PRIVATE LIMTED | G10: 80 | H10: Airtel | I10: P2P | J10: Jasdan | K10: Khambhaliya | L10: Gujarat | M10: JDN/MCP/003 | N10: KBL/OPP/001 | Q10: 3703842 | R10: JDN_BCLGJ_MCP_P_E91271 TS7-4 VLAN 1102 | S10: KBL_BCLGJ_OPP_P_E97780 TS1-P1 | T10: NA | U10: NA | V10: NA | W10: NA | X10: NA | Y10: 1102 | Z10: 44226 | AB10: 44227 | AC10: GTPL_P2P_10104 | AD10: 13801031 | AJ10: Inactive | AK10: 44637
A11: 10 | B11: New | C11: 3736919 | F11: GTPL BROADBAND PVT LTD(Enterprise) | G11: 50 | H11: Airtel | I11: P2M | J11: Baroda | K11: Manjusar | L11: Gujarat | M11: BRD/NWT/107 | N11: VDD/SVL/009 | Q11: 3736919 | R11: BRD_GTPGJ_NWT_P_E97732 - XSA-3 -- VLAN – 1550 | S11: VDD_BCLGJ_SVL_P_E87315 TS1-4 | T11: NA | U11: NA | V11: NA | W11: NA | X11: NA | Y11: 1550 | Z11: 44249 | AB11: 44251 | AC11: NA | AD11: 13852522 | AJ11: Active
A12: 11 | B12: New | C12: 3725714 | E12: GTPL_JPR_55081 | F12: ISPARROW DIGITAL PVT LTD | G12: 750 | H12: Airtel | I12: ILL | J12: NA | K12: Jaipur | L12: Rajasthan | M12: NA | N12: JPR/JMA/901 | Q12: 3725714 | R12: NA | S12: JPR_JMA_901_2AC_M_ASASMXPR014# configure port 1/1/12 | T12: 125.22.82.34 | U12: 255.255.255.252 | V12: 125.22.82.33 | W12: 125.18.53.224/29, 103.125.76.0/22 | X12: NA | Y12: NA | Z12: 44259 | AB12: 44258 | AC12: GTPL_JPR_55081 | AD12: 13840211 | AJ12: Active | AK12: 44868
A13: 12 | B13: New | C13: 3725709 | E13: GTPL_JPR_10101 | F13: ISPARROW DIGITAL PVT LTD | G13: 300 | H13: Airtel | I13: P2P | J13: Jaipur | K13: Mahapura | L13: Rajasthan | M13: JPR/JMA/901 | N13: JPR/JMP/901 | Q13: 3725709 | R13: JPR_JMA_901_1AC_ASAR8XXR014 1/1/5 VLAN-101 | S13: JPR_JMP_901_2AC_M_ASASMXPR055# configure port 1/1/4 | T13: NA | U13: NA | V13: NA | W13: NA | X13: NA | Y13: 101 | Z13: 44266 | AB13: 44266 | AC13: GTPL_JPR_10101 | AD13: 13840227 | AJ13: Active | AK13: 44868
A14: 13 | B14: New | C14: 3725707 | E14: GTPL_JPR_10102 | F14: ISPARROW DIGITAL PVT LTD | G14: 100 | H14: Airtel | I14: P2P | J14: Jaipur | K14: VDN | L14: Rajasthan | M14: JPR/JMA/901 | N14: JPR/JVR/901 | Q14: 3725707 | R14: JPR_JMA_901_1AC_ASAR8XXR014 1/1/5:102 | S14: JPR_JVR_901_1AC_M_ASAR8XXR019 Port 1/2/1 | T14: NA | U14: NA | V14: NA | W14: NA | X14: NA | Y14: 101 | Z14: 44266 | AB14: 44266 | AC14: GTPL_JPR_10102 | AD14: 13840224 | AJ14: Inactive | AK14: 44814
A15: 14 | B15: New | C15: 3725706 | E15: GTPL_JPR_10103 | F15: ISPARROW DIGITAL PVT LTD | G15: 50 | H15: Airtel | I15: P2P | J15: Jaipur | K15: Syari Mod | L15: Rajasthan | M15: JPR/JMA/901 | N15: TLX/JRD/001 | Q15: 3725706 | R15: JPR_JMA_901_1AC_ASAR8XXR014 1/1/5:149 | S15: TLX_BCLRJ_JRD_P_E56116 TS6-1 | T15: NA | U15: NA | V15: NA | W15: NA | X15: NA | Y15: 149 | Z15: 44266 | AB15: 44266 | AC15: GTPL_JPR_10103 | AD15: 13840221 | AJ15: Active | AK15: 44868
A16: 15 | B16: New | C16: 3725710 | E16: GTPL_JPR_10105 | F16: ISPARROW DIGITAL PVT LTD | G16: 155 | H16: Airtel | I16: P2P | J16: Jaipur | K16: Kanota | L16: Rajasthan | M16: JPR/JMA/901 | N16: JPR/KTA/080 | Q16: 3725710 | R16: JPR_JMA_901_1AC_ASAR8XXR014 1/1/5:104 | S16: JPR_BCLRJ_KTA_P_E86128 TS1-2 | T16: NA | U16: NA | V16: NA | W16: NA | X16: NA | Y16: 104 | Z16: 44266 | AB16: 44266 | AC16: GTPL_JPR_10105 | AD16: 13840226 | AJ16: Active | AK16: 44868
A17: 16 | B17: New | C17: 3725708 | E17: GTPL_JPR_10104 | F17: ISPARROW DIGITAL PVT LTD | G17: 50 | H17: Airtel | I17: P2P | J17: Jaipur | K17: Raja Park | L17: Rajasthan | M17: JPR/JMA/901 | N17: JPR/JGR/901 | Q17: 3725708 | R17: JPR_JMA_901_1AC_ASAR8XXR014 1/1/5 VLAN-100 | S17: JPR_JGR_901_1AC_M_ASAR8XXR037 Port 1/5/3 | T17: NA | U17: NA | V17: NA | W17: NA | X17: NA | Y17: 100 | Z17: 44266 | AB17: 44266 | AC17: GTPL_JPR_10104 | AD17: 13840223 | AJ17: Inactive
A18: 17 | B18: New + Downgrade | C18: 3763746 | E18: GTPL_JPR_10201 | F18: Royal Connect Solutions Pvt Ltd | G18: 500 | H18: Airtel | I18: ILL | J18: NA | K18: Jaipur | L18: Rajasthan | M18: NA | N18: JPR/JMA/902 | Q18: 3763746 | R18: NA | S18: JPR_RSW_901_1AC_M_ASAR8XXR009#1/6/5 | T18: 122.186.83.130 | U18: 255.255.255.252 | V18: 122.186.83.129 | W18: 103.118.168.0/22 | X18: NA | Y18: NA | Z18: 44272 | AB18: 44271 | AC18: GTPL_JPR_10201 | AD18: 13874456 | AF18: 1000 | AG18: 500 | AH18: -500 | AI18: 44667 | AJ18: Active
A19: 18 | B19: New | C19: 3730217 | E19: GTPL_APL_10102 | F19: CENTUM TAX PVT LTD | G19: 100 | H19: Airtel | I19: P2P | J19: Hyderabad | K19: Hyderabad | L19: Telangana | M19: HYD/UPL/920 | N19: HYD/MPT/917 | Q19: 3730217 | R19: HYD_UPL_920_5AC_B_IXREXXR572# sap 1/1/4:201 | S19: HYD/MPT/917 Port : 1/1/2 | T19: NA | U19: NA | V19: NA | W19: NA | X19: NA | Y19: 201 | Z19: 44278 | AB19: 44278 | AC19: GTPL_APL_10102 | AD19: 13845110 | AJ19: Active
A20: 19 | B20: New | C20: 3763798 | E20: GTPL_RJT_10202 | F20: Vision Hi-Speed Technology Pvt. Ltd | G20: 45 | H20: Airtel | I20: P2P | J20: Rajkot | K20: Sarangpur | L20: Gujarat | M20: RKT/NSS/032 | N20: BTQ/SAL/005 | Q20: 3763798 | R20: RKT/NSS/032 RKT_BCLGJ_NSS_P_E51932 TS4-2 | S20: BTQ/SAL/005 BTQ_BCLGJ_SAL_P_E59415 TS1-3 | T20: NA | U20: NA | V20: NA | W20: NA | X20: NA | Z20: 44285 | AB20: 44285 | AC20: GTPL_RJT_10202 | AD20: 14167730 | AJ20: Active
A21: 20 | B21: New | C21: 3763892 | E21: GTPL_RJT_10203 | F21: Vision Hi-Speed Technology Pvt. Ltd | G21: 45 | H21: Airtel | I21: P2P | J21: Rajkot | K21: Naranpura, Ahmedabad | L21: Gujarat | M21: SAQ/PVG/001 | N21: AMD/SHP/901 | Q21: 3763892 | R21: SAQ_BCLGJ_PVG_P_E82688_TS1-2 | S21: AMD_SHP_901_1AC_M_HAT950BR069>dis cu interface GigabitEthernet0/2/6 | T21: NA | U21: NA | V21: NA | W21: NA | X21: NA | Z21: 44285 | AB21: 44285 | AC21: GTPL_RJT_10203 | AD21: 13873952 | AJ21: Active
A22: 21 | B22: New | C22: 3767299 | E22: GTPL_RJT_10201 | F22: Vision Hi-Speed Technology Pvt. Ltd | G22: 120 | H22: Airtel | I22: P2P | J22: Rajkot | K22: Sarangpur | L22: Gujarat | M22: RKT/NSS/032 | N22: BTQ/SAL/005 | Q22: 3767299 | R22: RKT/NSS/032 RKT_BCLGJ_NSS_P_E51932 TS3-3 | S22: BTQ/SAL/005 BTQ_BCLGJ_SAL_P_E59415 TS1-4 | T22: NA | U22: NA | V22: NA | W22: NA | X22: NA | Z22: 44286 | AB22: 44286 | AC22: GTPL_RJT_10201 | AD22: 13877673 | AJ22: Active
A23: 22 | B23: New | C23: 3763747 | E23: GTPL_RJT_10102 | F23: Vision Hi-Speed Technology Pvt. Ltd | G23: 45 | H23: Airtel | I23: P2P | J23: Rajkot | K23: Kuchiyadad | L23: Gujarat | M23: RKT/NSS/032 | N23: RKT/KYD/124 | Q23: 3763747 | R23: RKT/NSS/032 RKT_BCLGJ_NSS_P_E51932 TS3-4 | S23: RKT/KYD/124 RKT_BCLGJ_KYD_P_E97366 TS1-3 | T23: NA | U23: NA | V23: NA | W23: NA | X23: NA | Z23: 44295 | AB23: 44321 | AC23: GTPL_RJT_10102 | AD23: 13874031 | AJ23: Active
A24: 23 | B24: New | C24: 3789969 | E24: GTPL_BKN_10101 | F24: JMD INTERNET AND SERVICES PRIVATE LIMITED | G24: 200 | H24: Airtel | I24: ILL | J24: NA | K24: Bikaner | L24: Rajasthan | M24: NA | N24: BKN/BCH/007 | Q24: 3789969 | R24: NA | S24: BKN/BCH/007 - Gig Optical BKN_BCLRJ_BCH_P_E54642 TS3-1 | T24: 122.187.32.78 | U24: 255.255.255.252 | V24: 122.187.32.77 | W24: 103.74.220.0/22 | X24: NA | Y24: NA | Z24: 44320 | AB24: 44320 | AC24: GTPL_BKN_10101 | AD24: 13897251 | AJ24: Active | AK24: 44915
A25: 24 | B25: New | C25: 3784086 | E25: GTPL_KRN_10101 | F25: SAT INTERNATIONAL PRIVATE LIMITED | G25: 1100 | H25: Airtel | I25: P2P | J25: Delhi | K25: Karnal | L25: New Delhi - Haryana | M25: NDL/DVG/901 | N25: KRL/ECM/901 | Q25: 3784086 | R25: NDL_VSN_901_1AG_A_ASR1XXXR080# port 1/1/17 | S25: KRL_ECM_901_N1201 Port : TS2_2 | T25: NA | U25: NA | V25: NA | W25: NA | X25: NA | Z25: 44323 | AB25: 44324 | AC25: GTPL_KRN_10101 | AD25: 13890946 | AJ25: Active
A26: 25 | B26: New | C26: 3801358 | E26: GTPL_PTN_10101 | F26: HOSTAXIS NETWORK PRIVATE LIMITED | G26: 1000 | H26: Airtel | I26: ILL | J26: NA | K26: Patna | L26: Bihar | M26: NA | N26: PTN/KPC/096 | Q26: 3801358 | R26: NA | S26: PTN_BCLBR_KPC_P_C75976 port 1 | T26: 122.187.156.38 | U26: 255.255.255.252 | V26: 122.187.156.37 | W26: 103.194.70.0/23,103.208.20.0/24,103.208.21.0/24 | X26: NA | Y26: NA | Z26: 44333 | AB26: 44333 | AC26: GTPL_PTN_10101 | AD26: 13905378 | AJ26: Active
A27: 26 | B27: New + Upgrade | C27: 3841663 | E27: GTPL_AJM_10101 | F27: Rajasthan Internet Hub Pvt. Ltd | G27: 310 | H27: Airtel | I27: ILL | J27: NA | K27: Ajmer | L27: Rajasthan | M27: NA | N27: AJM/SUN/010 | Q27: 3841663 | R27: NA | S27: AJM_BCLRJ_SUN_P_E90930 TS6-1 | T27: 122.186.79.10 | U27: 255.255.255.252 | V27: 122.186.79.9 | X27: NA | Y27: NA | Z27: 44337 | AB27: 44334 | AC27: GTPL_AJM_10101 | AD27: 13924371 | AF27: 155 | AG27: 310 | AH27: 155 | AI27: 44621 | AJ27: Active | AK27: 44846
A28: 27 | B28: New + Upgrade | C28: NA | E28: GTPL_DEL_34903 | F28: SAT INTERNATIONAL PRIVATE LIMITED | G28: 300 | H28: TCL | I28: ILL | J28: NA | K28: New Delhi | L28: New Delhi | M28: NA | N28: NA | Q28: NA | R28: NA | S28: DL-ME01-ICR02 ( XE-4/1/5:3 ) | T28: 14.143.159.254 | U28: 255.255.255.252 | V28: 14.143.159.253 | W28: 103.74.88.0/22, 103.74.88.0/24, 103.74.89.0/24, 103.74.90.0/24, 103.74.91.0/24 | X28: NA | Y28: NA | Z28: 44344 | AB28: 44344 | AC28: GTPL_DEL_34903 | AD28: 091DELH0300A0022803 | AJ28: Active
A29: 28 | B29: New + Upgrade | C29: 3797857 | E29: GTPL_PTN_10103 | F29: HOSTAXIS NETWORK PRIVATE LIMITED | G29: 1500 | H29: Airtel | I29: P2P | J29: Mumbai | K29: Patna | L29: Maharashtra - Bihar | M29: MUM/OIS/901 | N29: PTN/KPC/096 | Q29: 3797857 | R29: MUM_OIS_901_21AC_B_CNCS540R1145 Te0/0/0/19 | S29: PTN_BCLBR_KPC_P_C65531 Port: 3 | T29: NA | U29: NA | V29: NA | W29: NA | X29: NA | Z29: 44347 | AB29: 44286 | AC29: GTPL_PTN_10103 | AD29: 13903226 | AF29: 1000 | AG29: 1500 | AH29: 500 | AI29: 44666 | AJ29: Active
A30: 29 | B30: New + Upgrade | C30: 3841662 | E30: GTPL_AJM_10102 | F30: Rajasthan Internet Hub Pvt. Ltd | G30: 512 | H30: Airtel | I30: P2P | J30: Noida | K30: Ajmer | L30: Uttar Pradesh - Rajasthan | M30: NOD/STE/901 | N30: AJM/SUN/010 | Q30: 3841662 | R30: NOD/STE/901_NOD_STE_901_1AG_A_ASR1XXXR066#1/1/7_VLAN_2000 | S30: AJM/SUN/010 AJM_BCLRJ_SUN_P_E58958 TS1-3 | T30: NA | U30: NA | V30: NA | W30: NA | X30: NA | Y30: 2000 | Z30: 44347 | AB30: 44286 | AC30: GTPL_AJM_10102 | AD30: 13924120 | AF30: 310 | AG30: 512 | AH30: 202 | AI30: 44439 | AJ30: Active | AK30: 44868
A31: 30 | B31: New | C31: 3838132 | E31: GTPL_PTN_10102 | F31: HOSTAXIS NETWORK PRIVATE LIMITED | G31: 500 | H31: Airtel | I31: P2P | J31: Patna | K31: Muzzafarpur | L31: Bihar | M31: PTN/KPC/096 | N31: MUZ/BCL/036 | Q31: 3838132 | R31: PTN_BCLBR_KPC_P_C75976,Port 7 | S31: MUZ_BCLBR_BCL_P_C78100,Port 3 | T31: NA | U31: NA | V31: NA | W31: NA | X31: NA | Z31: 44350 | AB31: 44350 | AC31: GTPL_PTN_10102 | AD31: 13923191 | AJ31: Active
A32: 31 | B32: New + Upgrade + Downgrade | C32: 3853127 | E32: GTPL_RAN_10101 | F32: PROTOACT DIGITAL NETWORK PRIVATE LIMITED | G32: 1100 | H32: Airtel | I32: P2P | J32: Ranchi | K32: Jamshedpur | L32: Jharkhand | M32: RCH/UAT/057 | N32: JSP/SMK/013 | Q32: 3853127 | R32: RCH-BCLJH-UAT-T5-CN52_135 port 2 L2 poi vlan 1216 | S32: JSP_BCLJH_SMK_P_C64364,Port 16 | T32: NA | U32: NA | V32: NA | W32: NA | X32: NA | Y32: 1216 | Z32: 44350 | AB32: 44350 | AC32: GTPL_RAN_10101 | AD32: 13930730 | AF32: 2000 | AG32: 1100 | AH32: 900 | AI32: 44683 | AJ32: Active
A33: 32 | B33: New + Upgrade | C33: 3838121 | E33: GTPL_AJM_10103 | F33: Rajasthan Internet Hub Pvt. Ltd | G33: 155 | H33: Airtel | I33: P2P | J33: Ajmer | K33: Pushakar | L33: Rajasthan | M33: AJM/SUN/010 | N33: PUU/MBS/002 | Q33: 3838121 | R33: TS1-P2_AJM_BCLRJ_SUN_P_E58958 VLAN-104 | S33: PUU_BCLRJ_MBS_P_E80928-TS2-4 | T33: NA | U33: NA | V33: NA | W33: NA | X33: NA | Y33: 104 | Z33: 44355 | AB33: 44355 | AC33: GTPL_AJM_10103 | AD33: 13923450 | AF33: 45 | AG33: 155 | AH33: 110 | AI33: 44453 | AJ33: Inactive | AK33: 44522
A34: 33 | B34: New | C34: 3838120 | E34: GTPL_AJM_10104 | F34: Rajasthan Internet Hub Pvt. Ltd | G34: 100 | H34: Airtel | I34: P2P | J34: Ajmer | K34: Gagvana | L34: Rajasthan | M34: AJM/SUN/010 | N34: KGH/GGV/006 | Q34: 3838120 | R34: TS1-P2_AJM_BCLRJ_SUN_P_E58958 VLAN-103 | S34: KGH_BCLRJ_GGV_P_E80468_TS3-3 | T34: NA | U34: NA | V34: NA | W34: NA | X34: NA | Y34: 103 | Z34: 44357 | AB34: 44357 | AC34: GTPL_AJM_10104 | AD34: 13923451 | AF34: 200 | AG34: 100 | AH34: -100 | AI34: 44656 | AJ34: Active | AK34: 44868
A35: 34 | B35: New | C35: 3808920 | E35: GTPL_JODH_10101 | F35: NCORE CREATIVE TECHNOLOGIES PRIVATE LIMITED | G35: 45 | H35: Airtel | I35: P2P | J35: Jodhpur | K35: Balesar | L35: Rajasthan | M35: RAB/BAO/001 | N35: AOI/BAL/003 | Q35: 3808920 | R35: RAB_BCLRJ_BAO_P_E59617/TS1-1 | S35: AOI_BCLRJ_BAL_P_E81881/TS1-1 | T35: NA | U35: NA | V35: NA | W35: NA | X35: NA | Z35: 44361 | AB35: 44357 | AC35: GTPL_JODH_10101 | AD35: 13914439 | AJ35: Inactive | AK35: 44678
A36: 35 | B36: New | C36: 3838122 | E36: GTPL_AJM_10105 | F36: Rajasthan Internet Hub Pvt. Ltd | G36: 45 | H36: Airtel | I36: P2P | J36: Ajmer | K36: Kishangarh | L36: Rajasthan | M36: AJM/SUN/010 | N36: KGH/NTE/001 | Q36: 3838122 | R36: AJM/SUN/010_AJM_BCLRJ_SUN_P_E58958_TS1-P2 | S36: KGH_BCLRJ_NTE_P_E86782 XSA-P4 | T36: NA | U36: NA | V36: NA | W36: NA | X36: NA | Z36: 44362 | AB36: 44362 | AC36: GTPL_AJM_10105 | AD36: 13923449 | AJ36: Inactive | AK36: 44522
A37: 36 | B37: New | C37: NA | E37: GTPL_MUM_33919 | F37: PROTOACT DIGITAL NETWORK PRIVATE LIMITED | G37: 500 | H37: TCL | I37: ILL | J37: NA | K37: Mumbai | L37: Maharashtra | M37: NA | N37: NA | Q37: NA | R37: NA | S37: MMB_NIDC5_3FPOD2_HWI910_01//[HP]1GbE.1.12.1[GE-1-2-12 | T37: 121.242.107.190 | U37: 255.255.255.252 | V37: 121.242.107.189 | W37: 103.117.202.0/24,103.117.203.0/24,103.136.82.0/24, 103.136.83.0/24, 103.195.253.0/24, 103.144.114.0/24, 103.144.115.0/24, 103.146.222.0/24, 103.149.97.0/24 , 103.146.223.0/24, 103.16.104.0/22, 103.112.23.0/24, 103.112.21.0/24, 103.112.22.0/24 | X37: NA | Y37: NA | Z37: 44362 | AB37: 44362 | AC37: GTPL_MUM_33919 | AD37: 091MUMB0300A0022683 | AJ37: Inactive | AK37: 44729
A38: 37 | B38: New | C38: 3838124 | E38: GTPL_AJM_10106 | F38: Rajasthan Internet Hub Pvt. Ltd | G38: 45 | H38: Airtel | I38: P2P | J38: Ajmer | K38: Banswara | L38: Rajasthan | M38: AJM/SUN/010 | Q38: 3838124 | R38: AJM_BCLRJ_SUN_P_E58958_TS1-P2 | S38: BSW_BCLRJ_NZP_P_E61371 TS1-1 | T38: NA | U38: NA | V38: NA | W38: NA | X38: NA | Z38: 44363 | AB38: 44363 | AC38: GTPL_AJM_10106 | AD38: 13923447 | AJ38: Inactive | AK38: 44522
A39: 38 | B39: New + Upgrade | C39: 3861480 | E39: GTPL_RAN_10102 | F39: PROTOACT DIGITAL NETWORK PRIVATE LIMITED | G39: 500 | H39: Airtel | I39: P2P | J39: Ranchi | K39: Jahanabad | L39: Jharkhand - Bihar | M39: RCH/UAT/057 | N39: JAD/AWM/001 | Q39: 3861480 | R39: RCH-BCLJH-UAT-T5-CN52_135 port:2 | S39: JAD_BCLBR_AWM_P_C77532 | T39: NA | U39: NA | V39: NA | W39: NA | X39: NA | Y39: 1210 | Z39: 44365 | AB39: 44365 | AC39: GTPL_RAN_10102 | AD39: 13933626 | AF39: 500 | AG39: 700 | AH39: 200 | AI39: 44435 | AJ39: Active
A40: 39 | B40: New | C40: 3796664 | E40: GTPL_JPR_10207 | F40: NCORE CREATIVE TECHNOLOGIES PRIVATE LIMITED | G40: 45 | H40: Airtel | I40: P2P | J40: Noida | K40: Dhan Mandi | L40: Uttar Pradesh - Rajasthan | M40: NOD/STE/901 | N40: BND/NDM/003 | Q40: 3796664 | R40: NOD_STE_901_1AG_A_ASR1XXXR066#1/1/7_VLAN_1015 | S40: BND_BCLRJ_NDM_P_E55703 TS4-1 | T40: NA | U40: NA | V40: NA | W40: NA | X40: NA | Y40: 1015 | Z40: 44368 | AB40: 44368 | AC40: GTPL_JPR_10207 | AD40: 13901803 | AJ40: Active
A41: 40 | B41: New | C41: 3887390 | E41: GTPL_JPR_10206 | F41: NCORE CREATIVE TECHNOLOGIES PRIVATE LIMITED | G41: 45 | H41: Airtel | I41: P2P | J41: Noida | K41: Kota | L41: Uttar Pradesh - Rajasthan | M41: NOD/STE/901 | Q41: 3887390 | R41: NOD_STE_901_1AG_A_ASR1XXXR066#1/1/7 Port : 1/1/7 VLAN : 1500 | S41: SIS_BCLRJ_NPB_P_E54518 Port : TS7-4 | T41: NA | U41: NA | V41: NA | W41: NA | X41: NA | Y41: 1500 | Z41: 44368 | AB41: 44368 | AC41: GTPL_JPR_10206 | AD41: 13947096 | AJ41: Active
A42: 41 | B42: New + Upgrade | C42: 3875102 | E42: GTPL_MUM_10558 | F42: Chat Signal PVT LTD | G42: 600 | H42: Airtel | I42: P2P | J42: Mumbai | K42: Jaysingpur | L42: Maharashtra | M42: MUM/XWY/901 | N42: JIH/VRH/001 | Q42: 3875102 | R42: MUM_XWY_901_5AC_B_HAT950BR513(10.60.246.193)Gi0/3/0 | S42: JIH_BCLMH_VRH_P_E51322 TS7-2 | T42: NA | U42: NA | V42: NA | W42: NA | X42: NA | Y42: 9006 | Z42: 44370 | AB42: 44368 | AC42: GTPL_MUM_10558 | AD42: 13937662 | AF42: 312 | AG42: 600 | AH42: 288 | AI42: 44508 | AJ42: Active
A43: 42 | B43: New | C43: 3796665 | E43: GTPL_MUM_10550 | F43: NCORE CREATIVE TECHNOLOGIES PRIVATE LIMITED | G43: 100 | H43: Airtel | I43: P2P | J43: Noida | K43: Jalawar | L43: Uttar Pradesh - Rajasthan | M43: NOD/STE/901 | N43: JLR/PAT/001 | Q43: 3796665 | R43: NOD/STE/901_NOD_STE_901_1AG_A_ASR1XXXR066#1/1/7_VLAN_1014 | S43: JLR/SLC/002 -JLR_BCLRJ_SLC_P_E55707 TS6-2 | T43: NA | U43: NA | V43: NA | W43: NA | X43: NA | Y43: 1014 | Z43: 44370 | AB43: 44369 | AC43: GTPL_MUM_10550 | AD43: 13901802 | AJ43: Active
A44: 43 | B44: New | C44: 3796654 | E44: GTPL_MUM_10562 | F44: NCORE CREATIVE TECHNOLOGIES PRIVATE LIMITED | G44: 100 | H44: Airtel | I44: P2P | J44: Noida | K44: Hinduan | L44: Rajasthan | M44: NOD/STE/901 | N44: HDN/NRS/001 | Q44: 3796654 | R44: NOD_STE_901_1AG_A_ASR1XXXR066#100.64.2.22 1/1/7 VLAN 1006 | S44: HDN/NRS/001_HDN_BCLRJ_NRS_P_E53593 TS1-1 | T44: NA | U44: NA | V44: NA | W44: NA | X44: NA | Y44: 1006 | Z44: 44370 | AB44: 44369 | AC44: GTPL_MUM_10562 | AD44: 13901794 | AJ44: Active
A45: 44 | B45: New | C45: 3796653 | E45: GTPL_MUM_10538 | F45: NCORE CREATIVE TECHNOLOGIES PRIVATE LIMITED | G45: 75 | H45: Airtel | I45: P2P | J45: Noida | K45: Dugri Road | L45: Uttar Pradesh - Rajasthan | M45: NOD/STE/901 | N45: ANT/DGR/001 | Q45: 3796653 | R45: NOD_STE_901_1AG_A_ASR1XXXR066#100.64.2.22 1/1/7 VLAN 1007 | S45: ANT/DGR/001_ANT_BCLRJ_DGR_P_E54669 TS6-1 | T45: NA | U45: NA | V45: NA | W45: NA | X45: NA | Y45: 1007 | Z45: 44370 | AB45: 44369 | AC45: GTPL_MUM_10538 | AD45: 13901795 | AJ45: Active
A46: 45 | B46: New | C46: 3875013 | E46: GTPL_MUM_10530 | F46: NET4U TECHNOLOGY PRIVATE LIMITED | G46: 45 | H46: Airtel | I46: P2P | J46: Udaipur | K46: Salumber | L46: Rajasthan | M46: UPR/MVS/018 | N46: SLU/BWR/001 | Q46: 3875013 | R46: UPR_BCLRJ_MVS_P_E53120 Port: TS4-P2 VLAN : 2001 | S46: UPR_BCLRJ_MVS_P_E53120_TS4-P2 | T46: NA | U46: NA | V46: NA | W46: NA | X46: NA | Y46: 2001 | Z46: 44371 | AB46: 44370 | AC46: GTPL_MUM_10530 | AD46: 13937635 | AJ46: Active
A47: 46 | B47: New + Upgrade | C47: 3875012 | E47: GTPL_MUM_10553 | F47: NET4U TECHNOLOGY PRIVATE LIMITED | G47: 400 | H47: Airtel | I47: P2P | J47: Noida | K47: Udaipur | L47: Uttar Pradesh - Rajasthan | M47: NOD/STE/901 | N47: UPR/MVS/018 | Q47: 3875012 | R47: Existing 10G P2MP Tie(NOD_STE_901_1AG Port : 1/1/7) | S47: UPR_BCLRJ_MVS_P_E53120 TS4-3 | T47: NA | U47: NA | V47: NA | W47: NA | X47: NA | Y47: 1016 | Z47: 44371 | AB47: 44370 | AC47: GTPL_MUM_10553 | AD47: 13937636 | AF47: 300 | AG47: 400 | AH47: 100 | AI47: 44386 | AJ47: Active
A48: 47 | B48: New | C48: 3875065 | E48: GTPL_MUM_10540 | F48: NET4U TECHNOLOGY PRIVATE LIMITED | G48: 45 | H48: Airtel | I48: P2P | J48: Udaipur | K48: Gogunda | L48: Rajasthan | M48: UPR/MVS/018 | N48: SYR/TGD/001 | Q48: 3875065 | R48: UPR_BCLRJ_MVS_P_E53120 Port: TS4-P2 VLAN : 2026 | S48: UPR_BCLRJ_MVS_P_E53120 Port: TS4-P2 VLAN : 2025 | T48: NA | U48: NA | V48: NA | W48: NA | X48: NA | Y48: 2026 | Z48: 44371 | AB48: 44370 | AC48: GTPL_MUM_10540 | AD48: 13937634 | AJ48: Active
A49: 48 | B49: New | C49: 3875011 | E49: GTPL_MUM_10565 | F49: NET4U TECHNOLOGY PRIVATE LIMITED | G49: 45 | H49: Airtel | I49: P2P | J49: Udaipur | K49: Khairwara | L49: Rajasthan | M49: UPR/MVS/018 | N49: KHW/NRT/001 | Q49: 3875011 | R49: UPR_BCLRJ_MVS_P_E53120 Port: TS4-P2 VLAN : 2025 | S49: KHW_BCLRJ_NRT_P_E54649 GIG OPTICAL TS4-2 | T49: NA | U49: NA | V49: NA | W49: NA | X49: NA | Y49: 2025 | Z49: 44371 | AB49: 44370 | AC49: GTPL_MUM_10565 | AD49: 13937606 | AJ49: Active
A50: 49 | B50: New + Upgrade | C50: 3796667 | E50: GTPL_MUM_10555 | F50: NCORE CREATIVE TECHNOLOGIES PRIVATE LIMITED | G50: 150 | H50: Airtel | I50: P2P | J50: Noida | K50: Sujangarh(Churu) | L50: Uttar Pradesh - Rajasthan | M50: NOD/STE/901 | N50: SJX/CUD/001 | Q50: 3796667 | R50: NOD_STE_901_1AG_A_ASR1XXXR066#100.64.2.22 1/1/7 VLAN 1012 | S50: SJX_BCLRJ_CUD_P_E55713 TS7-4 | T50: NA | U50: NA | V50: NA | W50: NA | X50: NA | Y50: 1012 | Z50: 44372 | AB50: 44372 | AC50: GTPL_MUM_10555 | AD50: 13901800 | AF50: 55 | AG50: 150 | AH50: 95 | AI50: 44666 | AJ50: Active
A51: 50 | B51: New | C51: 3796652 | E51: GTPL_MUM_10554 | F51: NCORE CREATIVE TECHNOLOGIES PRIVATE LIMITED | G51: 75 | H51: Airtel | I51: P2P | J51: Noida | K51: Chomhela | L51: Uttar Pradesh - Rajasthan | M51: NOD/STE/901 | N51: COA/GRT/001 | Q51: 3796652 | R51: NOD_STE_901_1AG_A_ASR1XXXR066#100.64.2.22 1/1/7 VLAN 2001 | S51: COA_BCLRJ_GRT_P_E91246 TS3-3 | T51: NA | U51: NA | V51: NA | W51: NA | X51: NA | Y51: 2001 | Z51: 44372 | AB51: 44372 | AC51: GTPL_MUM_10554 | AD51: 13901796 | AJ51: Active | AK51: 44909
A52: 51 | B52: New | C52: 3824150 | E52: GTPL_MUM_10546 | F52: NCORE CREATIVE TECHNOLOGIES PRIVATE LIMITED | G52: 155 | H52: Airtel | I52: P2P | J52: Noida | K52: Khara | L52: Uttar Pradesh - Rajasthan | M52: NOD/STE/901 | N52: BNR/KPK/002 | Q52: 3824150 | R52: NOD_STE_901_1AG_A_ASR1XXXR066#1/1/7_VLAN_1013 | S52: BNR_BCLRJ_KPK_P_E92659 TS1-3 | T52: NA | U52: NA | V52: NA | W52: NA | X52: NA | Y52: 1013 | Z52: 44375 | AB52: 44375 | AC52: GTPL_MUM_10546 | AD52: 13917929 | AJ52: Active
A53: 52 | B53: New + Upgrade | C53: 3796655 | E53: GTPL_NOI_10109 | F53: NCORE CREATIVE TECHNOLOGIES PRIVATE LIMITED | G53: 350 | H53: Airtel | I53: P2P | J53: Noida | K53: Barmer | L53: Uttar Pradesh - Rajasthan | M53: NOD/STE/901 | N53: PAD/JPR/002 | Q53: 3796655 | R53: NOD_STE_901_1AG_A_ASR1XXXR066#100.64.2.22 1/1/7 VLAN 1005 | S53: PAD/JPR/002_PAD_BCLRJ_JPR_P_E56695 TS3-2 | T53: NA | U53: NA | V53: NA | W53: NA | X53: NA | Y53: 1005 | Z53: 44375 | AB53: 44375 | AC53: GTPL_NOI_10109 | AD53: 13901793 | AF53: 250 | AG53: 350 | AH53: 100 | AI53: 44704 | AJ53: Active
A54: 53 | B54: New + Upgrade | C54: 3796649 | E54: GTPL_MUM_10537 | F54: NCORE CREATIVE TECHNOLOGIES PRIVATE LIMITED | G54: 65 | H54: Airtel | I54: P2P | J54: Noida | K54: Behror | L54: Uttar Pradesh - Rajasthan | M54: NOD/STE/901 | N54: BZE/TBR/002 | Q54: 3796649 | R54: NOD_STE_901_1AG_A_ASR1XXXR066#100.64.2.22 1/1/7 VLAN 1011 | S54: NMI/VNA/001 NMI_BCLRJ_VNA_P_E92926 TS1-3 | T54: NA | U54: NA | V54: NA | W54: NA | X54: NA | Y54: 1011 | Z54: 44375 | AB54: 44375 | AC54: GTPL_MUM_10537 | AD54: 13901799 | AF54: 45 | AG54: 65 | AH54: 20 | AI54: 44666 | AJ54: Active
A55: 54 | B55: New + Upgrade | C55: 3796651 | E55: GTPL_MUM_10534 | F55: NCORE CREATIVE TECHNOLOGIES PRIVATE LIMITED | G55: 500 | H55: Airtel | I55: P2P | J55: Noida | K55: Alwar | L55: Uttar Pradesh - Rajasthan | M55: NOD/STE/901 | N55: ALW/RCC/040 | Q55: 3796651 | R55: NOD_STE_901_1AG_A_ASR1XXXR066#100.64.2.22 1/1/7 VLAN 1009 | S55: ALW/RCC/040 ALW_BCLRJ_RCC_P_E96828 TS2-2 | T55: NA | U55: NA | V55: NA | W55: NA | X55: NA | Y55: 1009 | Z55: 44375 | AB55: 44375 | AC55: GTPL_MUM_10534 | AD55: 13901797 | AF55: 255 | AG55: 500 | AH55: 245 | AI55: 44499 | AJ55: Active | AK55: 44806
A56: 55 | B56: New + Upgrade | C56: 3836010 | E56: GTPL_MUM_10539 | F56: NCORE CREATIVE TECHNOLOGIES PRIVATE LIMITED | G56: 465 | H56: Airtel | I56: ILL | J56: NA | K56: Noida | L56: Uttar Pradesh | M56: NA | N56: NOD/STE/901 | Q56: 3836010 | R56: NA | S56: NOD_STE_901_1AG_A_ASR1XXXR066#100.64.2.22 1/1/7 VLAN 1030 | T56: 122.187.34.30 | U56: 255.255.255.252 | V56: 122.187.34.29 | W56: 103.61.195.0/24, 103.216.200.0/24, 103.79.156.0/24, 103.79157.0/24, 103.58.43.0/24, 103.58.40.0./24, 103.162.178.0/24, 45.118.9.0/24, 103.58.41.0/24, 103.58.42.0/24, 103.159.182.0/24, 103.159.183.0/24, 103 193.254.0/24 | X56: 2402:CCC0:0:0:0:0:0:0/32 | Y56: ASN134041 | Z56: 44376 | AB56: 44376 | AC56: GTPL_MUM_10539 | AD56: 13920518 | AF56: 310 | AG56: 465 | AH56: 155 | AI56: 44531 | AJ56: Active
A57: 56 | B57: New | C57: 3796659 | E57: GTPL_MUM_10551 | F57: NCORE CREATIVE TECHNOLOGIES PRIVATE LIMITED | G57: 45 | H57: Airtel | I57: P2P | J57: Noida | K57: Salasar | L57: Uttar Pradesh - Rajasthan | M57: NOD/STE/901 | N57: RTG/SLR/001 | Q57: 3796659 | R57: NOD_STE_901_1AG_A_ASR1XXXR066#100.64.2.22 1/1/7 - VLAN 1021 | S57: RTG/SLR/001_RTG_TNGRJ_SLR_P_E50405_TS7-2 | T57: NA | U57: NA | V57: NA | W57: NA | X57: NA | Y57: 1021 | Z57: 44376 | AB57: 44376 | AC57: GTPL_MUM_10551 | AD57: 13901808 | AJ57: Active
A58: 57 | B58: New + Upgrade | C58: 3796662 | E58: GTPL_MUM_10548 | F58: NCORE CREATIVE TECHNOLOGIES PRIVATE LIMITED | G58: 45 | H58: Airtel | I58: P2P | J58: Jodhpur | K58: Mandore, Jodhpur | L58: Rajasthan | M58: JOD/MMR/009 | N58: JOD/NGK/032 | Q58: 3796662 | R58: JOD_BCLRJ_MMR_P_E54881 TS1- 3 L2 POI Vlan- 1100 | S58: JOD_BCLRJ_NGK_P_E54886 TS1-1 | T58: NA | U58: NA | V58: NA | W58: NA | X58: NA | Y58: 1100 | Z58: 44376 | AB58: 44376 | AC58: GTPL_MUM_10548 | AD58: 14107305 | AF58: 45 | AG58: 100 | AH58: 55 | AI58: 44635 | AJ58: Active
A59: 58 | B59: New | C59: 3796648 | E59: GTPL_MUM_10552 | F59: NCORE CREATIVE TECHNOLOGIES PRIVATE LIMITED | G59: 300 | H59: Airtel | I59: P2P | J59: Noida | K59: Kota | L59: Uttar Pradesh - Rajasthan | M59: NOD/STE/901 | N59: KTH/TNG/032 | Q59: 3796648 | R59: NOD_STE_901_1AG_A_ASR1XXXR066#100.64.2.22 1/1/7 VLAN 1001 | S59: KTH_BCLRJ_TNG_P_E80925 TS1-1 | T59: NA | U59: NA | V59: NA | W59: NA | X59: NA | Y59: 1001 | Z59: 44376 | AB59: 44376 | AC59: GTPL_MUM_10552 | AD59: 13901387 | AJ59: Active
A60: 59 | B60: New | C60: 3796661 | E60: GTPL_MUM_10535 | F60: NCORE CREATIVE TECHNOLOGIES PRIVATE LIMITED | G60: 75 | H60: Airtel | I60: P2P | J60: Noida | K60: Kota | L60: Uttar Pradesh - Rajasthan | M60: NOD/STE/901 | N60: RJI/RRD/003 | Q60: 3796661 | R60: NOD_STE_901_1AG_A_ASR1XXXR066#100.64.2.22 1/1/7 VLAN 2003 | S60: RJI_BCLRJ_RRD_P_E56644 TS4-3 | T60: NA | U60: NA | V60: NA | W60: NA | X60: NA | Y60: 2003 | Z60: 44376 | AB60: 44376 | AC60: GTPL_MUM_10535 | AD60: 13901806 | AJ60: Active
A61: 60 | B61: New | C61: 3808919 | E61: GTPL_MUM_10559 | F61: DNS INFONET PRIVATE LIMITED | G61: 250 | H61: Airtel | I61: P2P | J61: Jaipur | K61: Navalgarh | L61: Rajasthan | M61: JPR/JJD/901 | N61: NVG/NJH/001 | Q61: 3808919 | R61: JPR_JJD_901_1AC_M_ASASMXPR022:10.60.144.230 1/1/7 | S61: NVG/NJH/001 GIG OPTICAL NVG_BCLRJ_NJH_P_E53412 TS1-2 | T61: NA | U61: NA | V61: NA | W61: NA | X61: NA | Z61: 44378 | AB61: 44378 | AC61: GTPL_MUM_10559 | AD61: 13914436 | AJ61: Active
A62: 61 | B62: New | C62: 3875029 | E62: GTPL_MUM_10550 | F62: Chat Signal PVT LTD | G62: 155 | H62: Airtel | I62: P2P | J62: Mumbai | K62: Kalwan | L62: Maharashtra | M62: MUM/XWY/901 | N62: MFK/KAL/001 | Q62: 3875029 | R62: MUM_XWY_901_5AC_B_HAT950BR513(10.60.246.193)Gi0/3/0 | S62: MFK_BCLMH_KAL_P_E58199 TS2-2 | T62: NA | U62: NA | V62: NA | W62: NA | X62: NA | Y62: 4001 | Z62: 44378 | AB62: 44378 | AC62: GTPL_MUM_10550 | AD62: 13937677 | AJ62: Active
A63: 62 | B63: New | C63: 3904778 | E63: GTPL_MUM_10544 | F63: Rajasthan Internet Hub Pvt. Ltd | G63: 45 | H63: Airtel | I63: P2P | J63: Ajmer | K63: Pal Bhichla, Ajmer | L63: Rajasthan | M63: JM/SUN/010 | N63: AJM/VNG/011 | Q63: 3904778 | R63: AJM_BCLRJ_SUN_P_E58958 /TS1-2[CUSTOMER L2 POI] VLAN : 106 | S63: AJM_BCLRJ_VNG_P_E52623/TS7-1 | T63: NA | U63: NA | V63: NA | W63: NA | X63: NA | Y63: 106 | Z63: 44379 | AB63: 44379 | AC63: GTPL_MUM_10544 | AD63: 13958948 | AJ63: Inactive | AK63: 44522
A64: 63 | B64: New | C64: 3887345 | E64: GTPL_MUM_10549 | F64: NCORE CREATIVE TECHNOLOGIES PRIVATE LIMITED | G64: 100 | H64: Airtel | I64: ILL | J64: NA | K64: Jodhpur | L64: Rajasthan | M64: NA | N64: RAB/BAO/001 | Q64: 3887345 | R64: NA | S64: RAB/BAO/001 RAB_BCLRJ_BAO_P_E59617_TS1-2 | T64: 122.187.37.122 | U64: 255.255.255.252 | V64: 122.187.37.121 | W64: 122.187.25.176/29 | X64: NA | Y64: NA | Z64: 44382 | AB64: 44382 | AC64: GTPL_MUM_10549 | AD64: 13946969 | AJ64: Active
A65: 64 | B65: New | C65: 3878476 | E65: GTPL_MUM_10556 | F65: NET4U TECHNOLOGY PRIVATE LIMITED | G65: 200 | H65: Airtel | I65: ILL | J65: NA | K65: Udaipur | L65: Rajasthan | M65: NA | N65: UPR/MVS/018 | Q65: 3878476 | R65: NA | S65: UPR/MVS/018 gig optical UPR_BCLRJ_MVS_P_E61278 TS1-1 | T65: 122.187.107.86 | U65: 255.255.255.252 | V65: 122.187.107.85 | W65: 103.193.252.0/22 | X65: NA | Y65: AS - 134256 | Z65: 44382 | AB65: 44382 | AC65: GTPL_MUM_10556 | AD65: 13940607 | AJ65: Active
A66: 65 | B66: New | C66: 3875216 | E66: GTPL_MUM_10550 | F66: Chat Signal PVT LTD | G66: 100 | H66: Airtel | I66: P2P | J66: Mumbai | K66: Jalna | L66: Maharashtra | M66: MUM/XWY/901 | N66: JLN/GCB/001 | Q66: 3875216 | R66: MUM_XWY_901_5AC_B_HAT950BR513-GigabitEthernet0/3/0 VLAN: 4010 | S66: JLN_BCLMH_GCB_P_E51141 TS7-2 | T66: NA | U66: NA | V66: NA | W66: NA | X66: NA | Y66: 4010 | Z66: 44386 | AB66: 44386 | AC66: GTPL_MUM_10562 | AD66: 13937679 | AJ66: Active
A67: 66 | B67: New + Upgrade | C67: 3875094 | E67: GTPL_MUM_10550 | F67: Chat Signal PVT LTD | G67: 500 | H67: Airtel | I67: P2P | J67: Mumbai | K67: Osmanabad | L67: Maharashtra | M67: MUM/XWY/901 | N67: OSD/OAC/013 | Q67: 3875094 | R67: MUM_XWY_901_5AC_B_HAT950BR513- GigabitEthernet0/3/0 VLAN: 4008 | S67: OSD_BCLMH_OAC_P_E58182 TS3-2 | T67: NA | U67: NA | V67: NA | W67: NA | X67: NA | Y67: 4008 | Z67: 44386 | AB67: 44386 | AC67: GTPL_MUM_10550 | AD67: 14133417 | AF67: 155 | AG67: 500 | AH67: 345 | AI67: 44501 | AJ67: Active
A68: 67 | B68: New | C68: 3880468 | E68: GTPL_MUM_10530 | F68: Chat Signal PVT LTD | G68: 155 | H68: Airtel | I68: P2P | J68: Mumbai | K68: Vadape | L68: Maharashtra | M68: MUM/XWY/901 | N68: HAO/VSI/001 | Q68: 3880468 | R68: MUM_XWY_901_5AC_B_HAT950BR513-GigabitEthernet0/3/0 VLAN: 4004 | S68: HAO_BCLMH_VSI_P_E51178 TS6-4 | T68: NA | U68: NA | V68: NA | W68: NA | X68: NA | Y68: 4004 | Z68: 44386 | AB68: 44386 | AC68: GTPL_MUM_10530 | AD68: 14217073 | AJ68: Active
A69: 68 | B69: New | C69: 3880515 | E69: GTPL_MUM_10531 | F69: Chat Signal PVT LTD | G69: 200 | H69: Airtel | I69: P2P | J69: Mumbai | K69: Ganpatipule | L69: Maharashtra | M69: MUM/XWY/901 | N69: GPPL/NRWT/001 | Q69: 3880515 | R69: MUM_XWY_901_5AC_B_HAT950BR513>dis cu interface GigabitEthernet0/3/0.4005 | S69: GPPL/NRWT/001 - gig optical GPPL_BCLMH_NRWT_P_E85744 TS3-1 | T69: NA | U69: NA | V69: NA | W69: NA | X69: NA | Y69: 4005 | Z69: 44386 | AB69: 44386 | AC69: GTPL_MUM_10531 | AD69: 13943997 | AJ69: Inactive | AK69: 44596
A70: 69 | B70: New | C70: 3899702 | E70: GTPL_MUM_10542 | F70: MNK IFNOWAY PVT LTD | G70: 200 | H70: Airtel | I70: ILL | J70: NA | K70: Chandivali, Mumbai | L70: Maharashtra | M70: NA | N70: MUM/CHA/906 | Q70: 3899702 | R70: NA | S70: 10.229.111.247 dis cu interface GigabitEthernet0/2/3 | T70: 122.187.217.230 | U70: 255.255.255.252 | V70: 122.187.217.229 | W70: 103.105.228.0/24, 103.105.229.0/24, 103.105.230.0/24, 103.105.231.0/24,103.157.8.0/24 | X70: CE WAN IPV6: 2404:a800:2a00::478/126 Airtel END IPV6: 2404:a800:2a00::479 LAN IPv6: 2402:8c0::/48 2402:8c0:1::/48 2402:8c0:2::/48 2402:8c0:3::/48 2402:8c0:4::/48 2402:8c0:5::/48 2402:8c0:6::/48 2402:8c0:7::/48 2402:8c0:8::/48 2402:8c0:9::/48 2402:8c0:a::/48 2402:8c0:b::/48 2402:8c0:c::/48 2402:8c0:d::/48 2402:8c0:e::/48 2402:8c0:f::/48 | Y70: AS-137083 | Z70: 44389 | AB70: 44389 | AC70: GTPL_MUM_10542 | AD70: 13955867 | AJ70: Active
A71: 70 | B71: New | C71: 3887419 | E71: GTPL_MUM_10536 | F71: Streamonn Internet Services Pvt Ltd | G71: 155 | H71: Airtel | I71: P2P | J71: Ranchi | K71: Dhanbad | L71: Jharkhand | M71: RCH/SGA/030 | N71: DHN/DSR/012 | Q71: 3887419 | R71: RCH_BCLJH_RKA_P_C78146 Port 11 Vlan 1034 | S71: DHN_TNGJH_DSR_P_C65150 Port 4 | T71: NA | U71: NA | V71: NA | W71: NA | X71: NA | Y71: 1034 | Z71: 44389 | AB71: 44389 | AC71: GTPL_MUM_10536 | AD71: 13947045 | AJ71: Active
A72: 71 | B72: New | C72: 3904779 | E72: GTPL_MUM_10532 | F72: Rajasthan Internet Hub Pvt. Ltd | G72: 45 | H72: Airtel | I72: P2P | J72: Ajmer | K72: Ganesh Ghati, Ajmer | L72: Rajasthan | M72: AJM/SUN/010 | N72: AJM/PHD/006 | Q72: 3904779 | R72: AJM_BCLRJ_SUN_P_E58958 /TS1-2 VLAN : 122 | S72: AJM_BCLRJ_PHD_P_E52626/TS1-1 | T72: NA | U72: NA | V72: NA | W72: NA | X72: NA | Y72: 122 | Z72: 44392 | AB72: 44393 | AC72: GTPL_MUM_10532 | AD72: 13958947 | AF72: 45 | AG72: 155 | AH72: 110 | AI72: 44473 | AJ72: Inactive | AK72: 44522
A73: 72 | B73: New + Upgrade | C73: 3904774 | E73: GTPL_MUM_10564 | F73: Rajasthan Internet Hub Pvt. Ltd | G73: 155 | H73: Airtel | I73: P2P | J73: Ajmer | K73: Nasirabad Road, Ajmer | L73: Rajasthan | M73: AJM/SUN/010 | N73: AJM/NBR/004 | Q73: 3904774 | R73: AJM_BCLRJ_SUN_P_E58958 TS1-P2 VLAN :177 | S73: AJM_BCLRJ_NBR_P_E52624 TS3-3 | T73: NA | U73: NA | V73: NA | W73: NA | X73: NA | Y73: 177 | Z73: 44392 | AB73: 44393 | AC73: GTPL_MUM_10564 | AD73: 13958943 | AF73: 45 | AG73: 155 | AH73: 110 | AI73: 44454 | AJ73: Inactive | AK73: 44522
A74: 73 | B74: New + Upgrade | C74: 3904775 | E74: GTPL_MUM_10543 | F74: Rajasthan Internet Hub Pvt. Ltd | G74: 200 | H74: Airtel | I74: P2P | J74: Ajmer | K74: Gyansingh Market, Ajmer | L74: Rajasthan | M74: AJM/SUN/010 | N74: AJM/PPC/005 | Q74: 3904775 | R74: AJM_BCLRJ_SUN_P_E58958 TS1-P2 VLAN : 121 | S74: AJM_BCLRJ_PPC_P_E52625 TS3-4 | T74: NA | U74: NA | V74: NA | W74: NA | X74: NA | Y74: 121 | Z74: 44392 | AB74: 44393 | AC74: GTPL_MUM_10543 | AD74: 13958946 | AF74: 45 | AG74: 200 | AH74: 155 | AI74: 44454 | AJ74: Active | AK74: 44868
A75: 74 | B75: New | C75: 3904777 | E75: GTPL_MUM_10541 | F75: Rajasthan Internet Hub Pvt. Ltd | G75: 45 | H75: Airtel | I75: P2P | J75: Ajmer | K75: ghoogra Ghati, Ajmer | L75: Rajasthan | M75: AJM/SUN/010 | N75: AJM/MHL/013 | Q75: 3904777 | R75: AJM_BCLRJ_SUN_P_E58958 TS1-P2 VLAN : 107 | S75: AJM_BCLRJ_MHL_P_E54551 TS3-1 | T75: NA | U75: NA | V75: NA | W75: NA | X75: NA | Y75: 107 | Z75: 44392 | AB75: 44393 | AC75: GTPL_MUM_10541 | AD75: 13958949 | AJ75: Inactive | AK75: 44522
A76: 75 | B76: New + Upgrade | C76: 3853065 | E76: GTPL_MUM_10560 | F76: NCORE CREATIVE TECHNOLOGIES PRIVATE LIMITED | G76: 65 | H76: Airtel | I76: P2P | J76: Noida | K76: Tijara | L76: Uttar Pradesh - Rajasthan | M76: NOD/STE/901 | N76: TIJ/FBS/001 | Q76: 3853065 | R76: NOD_STE_901_1AG_A_ASR1XXXR066#1/1/7_VLAN_ 1024 | S76: TIJ_BCLRJ_FBS_P_E50719/TS3-2 | T76: NA | U76: NA | V76: NA | W76: NA | X76: NA | Y76: 1024 | Z76: 44397 | AB76: 44397 | AC76: GTPL_MUM_10560 | AD76: 13930755 | AF76: 45 | AG76: 65 | AH76: 20 | AI76: 44463 | AJ76: Active
A77: 76 | B77: New + Upgrade | C77: 3880417 | E77: GTPL_MUM_10530 | F77: Chat Signal PVT LTD | G77: 155 | H77: Airtel | I77: P2P | J77: Mumbai | K77: Jalgaon | L77: Maharashtra | M77: MUM/XWY/901 | N77: JGA/DWI/018 | Q77: 3880417 | R77: MUM_XWY_901_5AC Port : 0/3/0 VLAN: 1009 | S77: JGA_BCLMH_DWI_P_E81708 Port : TS1-4 | T77: NA | U77: NA | V77: NA | W77: NA | X77: NA | Y77: 1009 | Z77: 44398 | AB77: 44397 | AC77: GTPL_MUM_10530 | AD77: 13943996 | AF77: 100 | AG77: 155 | AH77: 55 | AI77: 44620 | AJ77: Active | AK77: 44858
A78: 77 | B78: New | C78: 3880404 | E78: GTPL_MUM_10540 | F78: Chat Signal PVT LTD | G78: 155 | H78: Airtel | I78: P2P | J78: Mumbai | K78: Sangola | L78: Maharashtra | M78: MUM/XWY/901 | N78: SGO/KLW/021 | Q78: 3880404 | R78: MUM_XWY_901_5AC Port : 0/3/0 VLAN: 4003 | S78: SGO_TNGMH_KLW_P_E89111 XSA-4 | T78: NA | U78: NA | V78: NA | W78: NA | X78: NA | Y78: 4003 | Z78: 44398 | AB78: 44397 | AC78: GTPL_MUM_10540 | AD78: 13943967 | AJ78: Active
A79: 78 | B79: New + Upgrade | C79: 3909410 | E79: GTPL_MUM_10565 | F79: Chat Signal PVT LTD | G79: 200 | H79: Airtel | I79: P2P | J79: Mumbai | K79: Sindkhed Raja | L79: Maharashtra | M79: MUM/XWY/901 | N79: SXO/SRA/001 | Q79: 3909410 | R79: MUM_XWY_901_5AC_B_HAT950BR513 GigabitEthernet0/3/0 VLAN : 4091 | S79: SXO_BCLMH_SRH_P_E58168 TS7-4 | T79: NA | U79: NA | V79: NA | W79: NA | X79: NA | Y79: 4091 | Z79: 44398 | AB79: 44397 | AC79: GTPL_MUM_10565 | AD79: 13965600 | AF79: 100 | AG79: 200 | AH79: 100 | AI79: 44621 | AJ79: Active
A80: 79 | B80: New | C80: 3901586 | E80: GTPL_PTN_10104 | F80: CINFOGEN PVT LTD | G80: 400 | H80: Airtel | I80: P2P | J80: Noida | K80: Anisabad | L80: Uttar Pradesh - Bihar | M80: NOD/STE/901 | N80: PTN/SNY/079 | Q80: 3901586 | R80: NOD_STE_901_1AG Port : 1/1/7 VLAN: 1025 | S80: PTN_BCLBR_SNY_P_C64311 Port 7 | T80: NA | U80: NA | V80: NA | W80: NA | X80: NA | Y80: 1025 | Z80: 44398 | AB80: 44405 | AC80: GTPL_PTN_10104 | AD80: 13956443 | AJ80: Active
A81: 80 | B81: New + Upgrade | C81: 3875028 | E81: GTPL_MUM_10555 | F81: Chat Signal PVT LTD | G81: 500 | H81: Airtel | I81: P2P | J81: Mumbai | K81: Umarga | L81: Maharashtra | M81: MUM/XWY/901 | N81: UMA/MCP/001 | Q81: 3875028 | R81: MUM_XWY_901_5AC_B_HAT950BR513-GigabitEthernet0/3/0.4006 | S81: UMA/MCP/001 - gig optical UMA_BCLMH_MCP_P_E89115 TS1-3 | T81: NA | U81: NA | V81: NA | W81: NA | X81: NA | Y81: 4006 | Z81: 44400 | AB81: 44400 | AC81: GTPL_MUM_10555 | AD81: 13937668 | AF81: 310 | AG81: 500 | AH81: 190 | AI81: 44620 | AJ81: Active
A82: 81 | B82: New | C82: NA | E82: GTPL_RJT_10105 | F82: Excogitate Technologies Pvt. Ltd | G82: 500 | H82: TCL | I82: ILL | J82: NA | K82: Rajkot | L82: Gujarat | M82: NA | N82: NA | Q82: NA | R82: NA | S82: ad-raj-t3-hrt01(192.168.194.127)Gigabit Ethernet.1.1/1/9.1[1/1/9] | T82: 14.142.231.142 | U82: 255.255.255.252 | V82: 14.142.231.141 | W82: 103.81.116.0/22 103.81.116.0/23,103.81.116.0/24,103.81.117.0/24,103.81.118.0/23,103.81.118.0/24,103.81.119.0/24,103.133.37.0/24,103.78.204.0/22,103.78.204.0/23,103.78.204.0/24,103.78.205.0/24,103.78.206.0/23,103.78.206.0/24,103.78.207.0/24,103.114.16.0/24 ,103.107.60.0/24,103.107.61.0/24,103.111.108.0/22,103.111.108.0/23,103.111.108.0/24,103.111.109.0/24,103.111.110.0/23,103.111.110.0/24,103.111.111.0/24 | X82: 2403:0:813::1/126, 2001:df2:2280::/48 | Y82: NA | Z82: 44400 | AB82: 44403 | AC82: GTPL_RJT_10105 | AD82: 091RAJK030036163302 | AJ82: Active | AK82: 44860
A83: 82 | B83: New | C83: 3906387 | E83: GTPL_MUM_10554 | F83: Chat Signal PVT LTD | G83: 512 | H83: Airtel | I83: P2P | J83: Shirpur | K83: Khetiya | L83: Maharashtra - Madhya Pradesh | M83: SPH/KGN/005 | N83: KHA/GTH/002 | Q83: 3906387 | R83: SPH_BCLMH_KGN_P_E85687 TS1-1 | S83: KHA-BCLMP-GTH-T5-ER64.126 GIG OPTICAL TS1-3 | T83: NA | U83: NA | V83: NA | W83: NA | X83: NA | Y83: 4046 | Z83: 44401 | AB83: 44400 | AC83: GTPL_MUM_10554 | AD83: 14202722 | AJ83: Active
A84: 83 | B84: New + Upgrade | C84: 3901686 | E84: GTPL_HYD_70720 | F84: ZYE TELECOM PRIVATE LIMITED | G84: 850 | H84: Airtel | I84: P2P | J84: Hyderabad | K84: Jahnampet | L84: Telangana - Andhra Pradesh | M84: HYD/CTS/902 | N84: JMPT/BGPD/002 | Q84: 3901686 | R84: HYD_CTS_903_C6501_T' SH1-SL11-P18,SH1-SL13-P18 VLAN : 3588 | S84: JMPT_BCLAP_BGPD_P_E94521 TS1-2 | T84: NA | U84: NA | V84: NA | W84: NA | X84: NA | Y84: 3588 | Z84: 44404 | AB84: 44406 | AC84: GTPL_HYD_70720 | AD84: 13956557 | AF84: 640 | AG84: 750 | AH84: 110 | AI84: 44743 | AJ84: Active
A85: 84 | B85: New + Upgrade | C85: 3901657 | E85: GTPL_HYD_70721 | F85: ZYE TELECOM PRIVATE LIMITED | G85: 650 | H85: Airtel | I85: P2P | J85: Hyderabad | K85: Badrachalam | L85: Telangana | M85: HYD/CTS/902 | N85: BXL/NRG/001 | Q85: 3901657 | R85: HYD_CTS_903_C6501_T' SH1-SL11-P18,SH1-SL13-P18 VLAN : 3589 | S85: BXL_BCLAP_NRG_P_E55730 TS1-3 (SFP WIP) | T85: NA | U85: NA | V85: NA | W85: NA | X85: NA | Y85: 3589 | Z85: 44404 | AB85: 44406 | AC85: GTPL_HYD_70721 | AD85: 14188042 | AF85: 520 | AG85: 650 | AH85: 130 | AI85: 44743 | AJ85: Active
A86: 85 | B86: New | C86: 3908508 | E86: GTPL_PTN_10105 | F86: CINFOGEN PVT LTD | G86: 155 | H86: Airtel | I86: ILL | J86: NA | K86: Patna | L86: Bihar | M86: NA | N86: PTN/SNY/079 | Q86: 3908508 | R86: NA | S86: PTN_BCLBR_SNY_P_C64311 Port 11 | T86: 122.187.157.14 | U86: 255.255.255.252 | V86: 122.187.157.13 | W86: 103.58.41.0/24 | X86: NA | Y86: AS134028 | Z86: 44405 | AB86: 44406 | AC86: GTPL_PTN_10105 | AD86: 13961303 | AJ86: Active
A87: 86 | B87: New | C87: 3907488 | E87: GTPL_PTN_10857 | F87: Orbitedge broadband pvt ltd | G87: 70 | H87: Airtel | I87: P2P | J87: Nawada | K87: Fatehpur | L87: Bihar | M87: NWD/PNW/004 | N87: FTH/NDM/001 | Q87: 3907488 | R87: NWD_TNGBR_PNW_P_C77408 Port 11 Vlan 2001 | S87: FTH_BCLBR_NDM_P_C80629 Port 3 | T87: NA | U87: NA | V87: NA | W87: NA | X87: NA | Y87: 2001 | Z87: 44407 | AB87: 44407 | AC87: GTPL_PTN_10857 | AD87: 13959770 | AF87: 45 | AG87: 70 | AH87: 25 | AI87: 44793 | AJ87: Active
A88: 87 | B88: New | C88: 3907486 | E88: GTPL_PTN_10858 | F88: Orbitedge broadband pvt ltd | G88: 70 | H88: Airtel | I88: P2P | J88: Nawada | K88: Pakribarawan | L88: Bihar | M88: NWD/PNW/004 | N88: PKN/GHM/001 | Q88: 3907486 | R88: NWD_TNGBR_PNW_P_C77408 Port 11 Vlan 2002 | S88: PKN_BCLBR_GHM_P_C77591 Port 7 | T88: NA | U88: NA | V88: NA | W88: NA | X88: NA | Y88: 2002 | Z88: 44407 | AB88: 44407 | AC88: GTPL_PTN_10858 | AD88: 13959771 | AJ88: Active
A89: 88 | B89: New + Upgrade | C89: 3907489 | E89: GTPL_PTN_58019 | F89: BIG DATA BROADBAND PVT LTD | G89: 900 | H89: Airtel | I89: P2P | J89: Mumbai | K89: Nawada | L89: Maharashtra - Bihar | M89: MUM/1SR/901 | N89: NWD/PNW/004 | Q89: 3907489 | R89: MUM_OIS_901_22AC_B_CNCS540R1171# Te0/0/0/15.2001 | S89: NWD_TNGBR_PNW_P_C77408 Port 7 | T89: NA | U89: NA | V89: NA | W89: NA | X89: NA | Y89: 2001 | Z89: 44407 | AB89: 44407 | AC89: GTPL_PTN_58019 | AD89: 13959768 | AF89: 610 | AG89: 900 | AH89: 290 | AI89: 44753 | AJ89: Active
A90: 89 | B90: New | C90: 3901726 | E90: GTPL_PTN_10106 | F90: PROTOACT DIGITAL NETWORK PRIVATE LIMITED | G90: 700 | H90: Airtel | I90: P2P | J90: Ranchi | K90: Ramgadh | L90: Jharkhand | M90: RCH/UAT/057 | N90: RGH/RGC/004 | Q90: 3901726 | R90: RCH/UAT/057 : RCH-BCLJH-UAT-T5-CN52_135 port 2 L2 poi vlan 1211 | S90: RGH_TNGJH_RGC_P_C80505 Port 3 | T90: NA | U90: NA | V90: NA | W90: NA | X90: NA | Y90: 1211 | Z90: 44408 | AB90: 44408 | AC90: GTPL_PTN_10106 | AD90: 13956440 | AF90: 500 | AG90: 700 | AH90: 200 | AI90: 44801 | AJ90: Active
A91: 90 | B91: New | C91: 3906405 | E91: GTPL_HAR_10447 | F91: MICRONET GIGAFIBER PRIVATE LIMITED | G91: 310 | H91: Airtel | I91: P2P | J91: Delhi | K91: Safidon Harayana | L91: New Delhi - Haryana | M91: NDL/VSN/901 | N91: SFN/ASS/001 | Q91: 3906405 | R91: NDL_VSN_901_2AG Port : 1/1/7 VLAN : 1001 | S91: SFN_BCLHR_ASS_P_E91145 TS1-1 | T91: NA | U91: NA | V91: NA | W91: NA | X91: NA | Y91: 1001 | Z91: 44407 | AB91: 44407 | AC91: GTPL_HAR_10447 | AD91: 13959757 | AJ91: Active
A92: 91 | B92: New | C92: 3918085 | E92: GTPL_HML_10101 | F92: Airwaves Internet Pvt ltd | G92: 200 | H92: Airtel | I92: ILL | J92: NA | K92: Parwanoo, Solan(HP) | L92: Himachal Pradesh | M92: NA | N92: PWN/GMT/001 | Q92: 3918085 | R92: NA | S92: PWN_BCLHP_GMT_P_E55775 TS6-2 | T92: 122.185.217.42 | U92: 255.255.255.252 | V92: 122.185.217.41 | W92: 103.248.24.0/24 | X92: NA | Y92: AS134019 | Z92: 44408 | AB92: 44408 | AC92: GTPL_HML_10101 | AD92: 13976556 | AJ92: Active | AK92: 44868
A93: 92 | B93: New + Upgrade | C93: 3902317 | E93: GTPL_HYD_70722 | F93: ZYE TELECOM PRIVATE LIMITED | G93: 300 | H93: Airtel | I93: P2P | J93: Hyderabad | K93: Rajam | L93: Telangana - Andhra Pradesh | M93: HYD/CTS/902 | N93: RZM/SMP/003 | Q93: 3902317 | R93: HYD_CTS_903_C6501_T' SH1-SL11-P18,SH1-SL13-P18 VLAN : 3584 | S93: RZM_TNGAP_SMP_P_E98983 TS3-4 | T93: NA | U93: NA | V93: NA | W93: NA | X93: NA | Y93: 3584 | Z93: 44410 | AB93: 44410 | AC93: GTPL_HYD_70722 | AD93: 13956652 | AF93: 200 | AG93: 300 | AH93: 100 | AI93: 44530 | AJ93: Active
A94: 93 | B94: New | C94: 3902325 | E94: GTPL_HYD_70723 | F94: ZYE TELECOM PRIVATE LIMITED | G94: 110 | H94: Airtel | I94: P2P | J94: Hyderabad | K94: Konaki | L94: Telangana - Andhra Pradesh | M94: HYD/CTS/902 | N94: PKSM/AKTP/006 | Q94: 3902325 | R94: HYD_CTS_903_C6501_T' SH1-SL11-P18,SH1-SL13-P18 VLAN : 3590 | S94: PKSM_BCLAP_AKTP_P_E93200 TS1-4 | T94: NA | U94: NA | V94: NA | W94: NA | X94: NA | Y94: 3590 | Z94: 44410 | AB94: 44410 | AC94: GTPL_HYD_70723 | AD94: 13956650 | AJ94: Active
A95: 94 | B95: New + Upgrade | C95: 3901656 | E95: GTPL_HYD_70724 | F95: ZYE TELECOM PRIVATE LIMITED | G95: 500 | H95: Airtel | I95: P2P | J95: Hyderabad | K95: Yellandu | L95: Telangana | M95: HYD/CTS/902 | N95: YEL/GOH/001 | Q95: 3901656 | R95: HYD_CTS_903_C6501_T' SH1-SL11-P18,SH1-SL13-P18 VLAN : 3596 | S95: YEL_BCLAP_GOH_P_E95020 TS6-2 | T95: NA | U95: NA | V95: NA | W95: NA | X95: NA | Y95: 3596 | Z95: 44410 | AB95: 44410 | AC95: GTPL_HYD_70724 | AD95: 13956563 | AF95: 155 | AG95: 500 | AH95: 345 | AI95: 44743 | AJ95: Active
A96: 95 | B96: New | C96: 3904804 | E96: GTPL_MUM_33933 | F96: WANDOOR MULTIVEENTURES PVT LTD | G96: 1000 | H96: Airtel | I96: P2P | J96: Mumbai | K96: Dumka | L96: Jharkhand | M96: MUM/OIS/901 | N96: DMK/DDH/003 | Q96: 3904804 | R96: MUM_OIS_901_22AC Port : TenGigE0/0/0/15 VALN : 2005 | S96: DMK_BCLBR_DDH_P_C79708 Port 12 | T96: NA | U96: NA | V96: NA | W96: NA | X96: NA | Y96: 2005 | Z96: 44410 | AB96: 44412 | AC96: GTPL_MUM_33933 | AD96: 13958731 | AJ96: Active
A97: 96 | B97: New | C97: 3908857 | E97: GTPL_MUM_33934 | F97: WANDOOR MULTIVEENTURES PVT LTD | G97: 700 | H97: Airtel | I97: ILL | J97: NA | K97: Mumbai | L97: Maharashtra | M97: NA | N97: MUM/1SR/901 | Q97: 3908857 | R97: NA | S97: MUM_OIS_901_22AC_B_CNCS540R1171 _GigabitEthernet0/0/0/19 | T97: 122.185.150.250 | U97: 255.255.255.252 | V97: 122.185.150.249 | W97: 103.127.100.0/22,103.127.100.0/24,103.127.101.0/24, 103.127.102.0/24, 103.127.103.0/24 | X97: NA | Y97: AS135766 | Z97: 44410 | AB97: 44412 | AC97: GTPL_MUM_33934 | AD97: 13964053 | AF97: 500 | AG97: 700 | AH97: 200 | AI97: 44713 | AJ97: Active
A98: 97 | B98: New + Shifting | C98: 3907500 | E98: GTPL_MUM_33936 | F98: BIG DATA BROADBAND PVT LTD | G98: 150 | H98: Airtel | I98: P2P | J98: Mumbai | K98: Burun | L98: Maharashtra - Bihar | M98: MUM/OIS/901 | N98: AGB/PMR/017 | Q98: 3907500 | R98: MUM_OIS_901_22AC_B_CNCS540R1171#Te0/0/0/15.2001 | S98: MUM_OIS_901_22AC_B_CNCS540R1171 _GigabitEthernet0/0/0/19 | T98: NA | U98: NA | V98: NA | W98: NA | X98: NA | Y98: 2001 | Z98: 44413 | AB98: 44418 | AC98: GTPL_MUM_33936 | AD98: 14108079 | AJ98: Active
A99: 98 | B99: New + Upgrade | C99: NA | E99: GTPL_MUM_10546 | F99: Chat Signal PVT LTD | G99: 2000 | H99: TCL | I99: ILL | J99: NA | K99: Mumbai | L99: Maharashtra | M99: NA | N99: MMB_NIDC4_HWI970_01 | Q99: NA | R99: NA | S99: MMB_NIDC4_HWI970_01##10.23.13.113 Port # 1-4-2 | T99: 59.160.39.194 | U99: 255.255.255.252 | V99: 59.160.39.193 | W99: NA | X99: NA | Y99: NA | Z99: 44413 | AB99: 44413 | AC99: GTPL_MUM_10546 | AD99: 091MUMB0300A0026102 | AF99: 1500 | AG99: 500 | AH99: 2000 | AI99: 44598 | AJ99: Active
A100: 99 | B100: New + Upgrade | C100: 3796663 | E100: GTPL_JODH_10104 | F100: NCORE CREATIVE TECHNOLOGIES PRIVATE LIMITED | G100: 200 | H100: Airtel | I100: P2P | J100: Noida | K100: Mahamandir | L100: Uttar Pradesh - Rajasthan | M100: NOD/STE/901 | N100: JOD/MMR/009 | Q100: 3796663 | R100: NOD_STE_901_1AG_A_ASR1XXXR066#1/1/7_ VLAN_1017 | S100: JOD_BCLRJ_MMR_P_E54881 --> TS7-2 | T100: NA | U100: NA | V100: NA | W100: NA | X100: NA | Y100: 1017 | Z100: 44418 | AB100: 44414 | AC100: GTPL_JODH_10104 | AD100: 13901804 | AF100: 100 | AG100: 200 | AH100: 100 | AI100: 44463 | AJ100: Active
...

Sheet Link Shifting
A1: Sr. No. | B1: Type of Order(New/Upgrade) | C1: Customer Name | D1: BW | E1: Provider | F1: Services | G1: Location From | H1: Location To | I1: Old END A BTS ID | J1: Old END B BTS ID | K1: END A BTS ID | L1: END B BTS ID | M1: Indent Number | N1: RA Received Date | O1: RA Number | Q1: Old End A Port | R1: Old End B Port | S1: END A Port | T1: END B Port | U1: IP Address | V1: Subnet | W1: Gateway | X1: LAN IP POOL | Y1: IPV6 LAN IP Pool | Z1: VLAN | AA1: GTPL Circuit ID | AB1: DC Airtel CKT ID | AC1: AIRTEL Circuit ID | AD1: Status
A2: 1 | B2: Link shifting | C2: Royal Connect Solutions Pvt Ltd | D2: 1000 | E2: Airtel | F2: ILL | G2: NA | H2: Jaipur | I2: NA | J2: JPR/JMA/902 | K2: NA | L2: JPR/RSW/901 | M2: 1052002100 | N2: 44565 | O2: 4069722 | Q2: NA | R2: JPR_JMA_902_1AC Port : 1/4/6 | S2: NA | T2: JPR_RSW_901_1AC_M_ASAR8XXR009#1/6/5 | U2: 122.186.83.130 | V2: 255.255.255.252 | W2: 122.186.83.129 | X2: 103.118.168.0/22 | Y2: NA | Z2: NA | AA2: GTPL_JPR_10201 | AB2: NA | AC2: 13874456
A3: 2 | B3: Link shifting | C3: NCORE CREATIVE TECHNOLOGIES PRIVATE LIMITED | D3: 45 | E3: Airtel | F3: P2P | G3: Jodhpur | H3: Mandore, Jodhpur | I3: NOD/STE/901 | J3: JOD/NGK/032 | K3: JMD/MMR/009 | L3: JOD/NGK/032 | O3: 4042420 | Q3: NOD_STE_901_1AG_A_ASR1XXXR066#100.64.2.22 1/1/7 VLAN 2002 | R3: JOD_BCLRJ_NGK_P_E54886 TS1-1 | S3: JOD_BCLRJ_MMR_P_E54881 TS1- 3 | T3: JOD_BCLRJ_NGK_P_E54886 TS1-1 | U3: NA | V3: NA | W3: NA | X3: NA | Y3: NA | Z3: 1100 | AA3: GTPL_JODH_10102 | AB3: 13901805 | AC3: 14107305
A4: 3 | B4: Link shifting | C4: BIG DATA BROADBAND PVT LTD | D4: 150 | E4: Airtel | F4: P2P | G4: Mumbai | H4: Burun | I4: MUM/1SR/901 | J4: DDG/MAK/001 | K4: MUM/1SR/901 | L4: AGB/PMR/017 | O4: 4042425 | Q4: MUM_OIS_901_22AC_B_CNCS540R1171#Te0/0/0/15.2001 | R4: DDG_BCLBR_MAK_P_C62771-Port 24 | S4: MUM_OIS_901_22AC_B_CNCS540R1171#Te0/0/0/15.2001 | T4: AGB_BCLBR_PMR_P_C79311 Port 4 | U4: NA | V4: NA | W4: NA | X4: NA | Y4: NA | Z4: 2001 | AA4: GTPL_MUM_33936 | AB4: 13959769 | AC4: 14108079
A5: 4 | B5: Link shifting | C5: ADARSH INFOSOLUTIONS (P) LIMITED | D5: 45 | E5: Airtel | F5: P2P | G5: Mumbai | H5: Tembode | I5: MUM/XWY/901 | J5: RAR/PAA/003 | K5: MUM/XWY/901 | L5: PGR/TEM/011 | O5: 4042426 | Q5: MUM_XWY_901_5AC_B_HAT950BR513 GigabitEthernet0/3/0 VLAN : 4052 | R5: RAR_BCLMH_PAA_P_E51089-TS7-2 | S5: MUM_XWY_901_5AC_B_HAT950BR513 --> GigabitEthernet0/3/0 | T5: PGR_BCLMH_TEM_P_E82635 TS3-2 | U5: NA | V5: NA | W5: NA | X5: NA | Y5: NA | Z5: 4052 | AA5: GTPL_ENT_10045 | AB5: 13996541 | AC5: 14108078
A6: 5 | B6: Link shifting | C6: ADARSH INFOSOLUTIONS (P) LIMITED | D6: 500 | E6: Airtel | F6: P2P | G6: Mumbai | H6: Osmanabad | I6: MUM/XWY/901 | J6: OSD/OAC/013 | K6: MUM/XWY/901 | L6: TAB/SMN/002 | M6: 1073000700 | O6: 4071309 | Q6: MUM_XWY_901_5AC_B_HAT950BR513- GigabitEthernet0/3/0 VLAN: 4008 | R6: OSD_BCLMH_OAC_P_E58182 TS3-2 | S6: MUM_XWY_901_5AC_B_HAT950BR513- GigabitEthernet0/3/0 VLAN: 4008 | T6: TAB_BCLMH_SMN_P_E99358 TS3-4 | U6: NA | V6: NA | W6: NA | X6: NA | Y6: NA | Z6: 4008 | AA6: GTPL_MUM_33926 | AB6: 13937678 | AC6: 14133417
A7: 6 | B7: Link shifting | C7: NCORE CREATIVE TECHNOLOGIES PRIVATE LIMITED | D7: 45 | E7: Airtel | F7: P2P | G7: Jodhpur | H7: Balesar | I7: RAB/BAO/001 | J7: AOI/BAL/003 | K7: RAB/BAO/001 | L7: BAF/MNV/001 | N7: 44561 | O7: 4067031 | Q7: RAB_BCLRJ_BAO_P_E59617/TS1-1 | R7: AOI_BCLRJ_BAL_P_E81881/TS1-1 | S7: RAB_BCLRJ_BAO_P_E59617/TS1-1 | T7: BAF_BCLRJ_MNV_P_E54069 Port : TS3-2 | U7: NA | V7: NA | W7: NA | X7: NA | Y7: NA | Z7: NA | AA7: GTPL_JODH_10101 | AB7: 13914439 | AC7: 14129363 | AD7: link shifting cancel by customer
A8: 7 | B8: Link shifting | C8: ADARSH INFOSOLUTIONS (P) LIMITED | D8: 155 | E8: Airtel | F8: P2P | G8: Mumbai | H8: Phulambary | I8: MUM/XWY/901 | J8: SGO/KLW/021 | K8: MUM/XWY/901 | L8: PMB/CHP/001 | M8: 1072010100 | O8: 4088265 | S8: MUM_XWY_901_5AC Port : 0/3/0 VLAN: 4003 | U8: NA | V8: NA | W8: NA | X8: NA | Y8: NA | Z8: 4003 | AA8: GTPL_MUM_33929 | AB8: 13943967 | AC8: 14145064 | AD8: link shifting cancel by customer
A9: 8 | B9: Link shifting | C9: MEGATEL NETWORKS PVT LTD | D9: 1000 | E9: Airtel | F9: P2P | G9: Siliguri | H9: Mainaguri | I9: CHN/SAN/930 | J9: KAR/VNR/005 | K9: SIL/VDP/050 | L9: MRF/PSM/001 | M9: 3152000900 | N9: 44603 | O9: 4105050 | Q9: CHN_SAN_901_3AC_T_CNCS540R933#show run int TenGigE0/0/0/20|Vlan-1933 | R9: KAR_BCLTN_VNR_P_E54193 TS7-2 | S9: SIL-BCLWB-VDP-T5-CN24-166 Port-5 | T9: MRF_BCLBR_PSM_P_C66189 Port -8 | U9: NA | V9: NA | W9: NA | X9: NA | Y9: NA | Z9: NA | AA9: GTPL_KAR_10291 | AB9: 14110222 | AC9: 14155450
A10: 9 | B10: Link shifting | C10: BIG DATA BROADBAND PVT LTD | D10: 155 | E10: Airtel | F10: P2P | G10: Mumbai | H10: Dehri | I10: MUM/OIS/901 | J10: GYA/CLG/001 | K10: MUM/OIS/901 | L10: DEH/RPM/001 | M10: 1073002900 & 1063001400 | O10: 4196493 | Q10: MUM_OIS_901_22AC_B_CNCS540R1171 - Te0/0/0/15.2013 | R10: GYA_TNGBR_CLG_P_C70157 port 5/2 | S10: MUM_OIS_901_22AC_B_CNCS540R1171 - Te0/0/0/15.2013 | T10: DEH_BCLBR_RPM_P_C66244 Port 1 | U10: NA | V10: NA | W10: NA | X10: NA | Y10: NA | AA10: GTPL_ENT_10012 | AB10: 13996169 | AC10: 14220160
A11: 10 | B11: Link shifting | C11: Vision Hi-Speed Technology Pvt. Ltd | D11: 45 | E11: Airtel | F11: P2P | G11: Rajkot | H11: Sarangpur | I11: RKT/NSS/032 | J11: BTQ/SAL/005 | K11: RKT/ADP/089 | L11: BTQ/SAL/005 | M11: 1002153100 | N11: 44620 | O11: 4123267 | Q11: END A: RKT/NSS/032 RKT_BCLGJ_NSS_P_E51932 TS4-2 | R11: END B: BTQ/SAL/005 BTQ_BCLGJ_SAL_P_E59415 TS1-3 | S11: RKT_BCLGJ_ADP_P_E82931/TS1-3 | T11: BTQ/SAL/005 BTQ_BCLGJ_SAL_P_E59415 TS1-3 | U11: NA | V11: NA | W11: NA | X11: NA | Y11: NA | Z11: NA | AA11: GTPL_RJT_10202 | AB11: 13873951 | AC11: 14167730
A12: 11 | B12: Link shifting | C12: PROTOACT DIGITAL NETWORK PRIVATE LIMITED | D12: 500 | E12: Airtel | F12: P2P | G12: Ranchi | H12: Jamshedpur | I12: RCH/UAT/057 | J12: RNA/KMH/001 | K12: RCH/UAT/057 | L12: JSP/VKH/053 | M12: 1093000700 | N12: 44676 | O12: 4173741 | Q12: RCH-BCLJH-UAT-T5-CN52_135 port 2 L2 poi 1214 | R12: RNA_BCLBR_KMH_P_C62124 Port 11 | S12: RCH-BCLJH-UAT-T5-CN52_135 port 2 L2 poi 1229 | T12: JSP-BCLJH-VKH-T5-CN52_233 (100.73.52.233) Port 2 | U12: NA | V12: NA | W12: NA | X12: NA | Y12: NA | Z12: 1214 | AA12: GTPL_ENT_10006 | AB12: 13983092 | AD12: link shifting cancel by customer
A13: 12 | B13: Link shifting | C13: ADARSH INFOSOLUTIONS (P) LIMITED | D13: 512 | E13: Airtel | F13: P2P | G13: Shirpur | H13: Khetiya | I13: MUM/XWY/901 | J13: KHA/GTH/002 | K13: SPH/KGN/005 | L13: KHA/GTH/002 | M13: 1073001900 & 3293000100 | N13: 44671 | O13: 4168557 | Q13: MUM_XWY_901_5AC_B_HAT950BR513-GigabitEthernet0/3/0.4046 | R13: KHA-BCLMP-GTH-T5-ER64.126 VLAN:4046 | S13: SPH_BCLMH_KGN_P_E85687 TS1-1 | T13: KHA-BCLMP-GTH-T5-ER64.126 GIG OPTICAL TS1-3 | U13: NA | V13: NA | W13: NA | X13: NA | Y13: NA | AA13: GTPL_MUM_33931 | AB13: 13959551 | AC13: 14202722
A14: 13 | B14: Link shifting | C14: MEGATEL NETWORKS PVT LTD | D14: 500 | E14: Airtel | F14: P2P | G14: Mangalagiri | H14: Mella Chervu | I14: HTS/RMI/005 | J14: AGG/AWC/001 | K14: MGL/BRS/004 | L14: NGD/APM/024 | M14: 1042022300 & 1282006100 | N14: 44659 | O14: 4154924 | Q14: HTS_BCLUP_RMI_P_C81825 Port 3 Vlan 2011 | R14: AGG_BCLUP_AWC_P_C66817 Port 6 | S14: MGL_FTTAP_BRS_P_E82241 XSA-1 | T14: NGD_BCLAP_APM_P_E88800 TS3-3 | U14: NA | V14: NA | W14: NA | X14: NA | Y14: NA | AA14: GTPL_HTFH_10332 | AB14: 14110305 | AC14: 14189686
A15: 14 | B15: Link shifting | C15: ADARSH INFOSOLUTIONS (P) LIMITED | D15: 100 | E15: Airtel | F15: P2P | G15: Mumbai | H15: Sillod | I15: MUM/XWY/901 | J15: SAN/JKI/013 | K15: MUM/XWY/901 | L15: SLD/BCL/001 | M15: 1073002700 | N15: 44681 | O15: 4178230 | Q15: MUM_XWY_901_11AC_B_HAT910CR838 GigabitEthernet 0/2/2 VLAN: 3091 | R15: SAN_BCLMH_KJI_P_E53886_TS4-3 (OTGBE SFP req) | S15: MUM_XWY_901_11AC_B_HAT910CR838>disp current-configuration int GigabitEthernet0/2/2.3085 | T15: SLD_BCLMH_BCL_P_E50495 TS3-3 | U15: NA | V15: NA | W15: NA | X15: NA | Y15: NA | Z15: 3091 | AA15: GTPL_MUM_10529 | AB15: 14076447 | AC15: 14211502
A16: 15 | B16: Link shifting | C16: MEGATEL NETWORKS PVT LTD | D16: 1000 | E16: Airtel | F16: P2P | G16: Mumbai | H16: Nasipur | I16: MUM/OIS/901 | J16: BHB/VMJ/001 | K16: MUM/OIS/901 | L16: BHB/BBO/014 | M16: 1073002300 & 3153000300 | N16: 44672 | O16: 4168560 | Q16: MUM_OIS_901_27AC_B_CNCS540R1226 100.64.77.194 Port : TenGigE0/0/0/21 VLAN: 504 | R16: BHB_BCLWB_VMJ_P_C74093 Port 15 | S16: MUM_OIS_901_27AC_B_CNCS540R1226 100.64.77.194 Port : TenGigE0/0/0/21 VLAN: 504 | T16: BHB_BCLWB_BBO_P_C80219 Port 3 | U16: NA | V16: NA | W16: NA | X16: NA | Y16: NA | Z16: 504 | AA16: GTPL_MUMBHB_10322 | AB16: 14113609 | AD16: link shifting cancel by customer
A17: 16 | B17: Link shifting | C17: Net4U Technology | D17: 150 | E17: Airtel | F17: P2P | G17: Udaipur | H17: Salumer | I17: UPR/MVS/018 | J17: UPR/AMT/003 | K17: UPR/MVS/018 | L17: SLU/BWR/001 | M17: 1323000700 | N17: 44672 | O17: 4168558 | Q17: UPR_BCLRJ_MVS_P_E53120/TS4-2 VLAN - 2002 | R17: UPR/AMT/003 GIG OPTICAL UPR_BCLRJ_AMT_P_E53398 TS7-2 (REQ-OTGBE) | S17: UPR_BCLRJ_MVS_P_E53120/TS4-2 VLAN - 2002 | T17: SLU_BCLRJ_BWR_P_ E63296 TS1-1 | U17: NA | V17: NA | W17: NA | X17: NA | Y17: NA | Z17: 2002 | AA17: GTPL_UDP_10231 | AB17: 14084292 | AC17: 14203155
A18: 17 | B18: Link shifting | C18: PROTOACT DIGITAL NETWORK PRIVATE LIMITED | D18: 800 | E18: Airtel | F18: P2P | G18: Ranchi | H18: Bihar Sharif | I18: RCH/NPD/081 | J18: BSF/BCC/003 | K18: RCH/UAT/057 | L18: BSF/BCC/003 | M18: 1093000800 & 1063001300 | N18: 44720 | O18: 4211263 | Q18: RCH_BCLJH_NPD_P_C64439 port 11 VLAN : 1700 | R18: BSF_BCLBR_BCC_P_C73600 Port 13 | S18: RCH-BCLJH-UAT-T5-CN52_135 (100.73.52.135) Port 2 Vlan 1239 | T18: BSF_BCLBR_BCC_P_C73600 Port 13 | U18: NA | V18: NA | W18: NA | X18: NA | Y18: NA | AA18: GTPL_RCHBCF_10401 | AB18: 14133613 | AC18: 14133613 | AD18: Active
A19: 18 | B19: Link shifting | C19: Vihaan Telecom | D19: 50 | E19: Airtel | F19: P2P | G19: Ahmedabad | H19: Gavasad | I19: BRD/BSC/028 | J19: GVS/NSA/001 | K19: AMD/VHT/901 | L19: GVS/NSA/001 | M19: 1003027000 | N19: 44720 | O19: 4212815 | Q19: BRD_BCLGJ_BSC_P_E97760 TS3-2 | R19: GVS_BCLGJ_NSA_P_E51990 TS4-1 | S19: AMD_VHT_901_1AC_B_HAT950BR048>disp current-configuration int gig 0/1/7 VLAN - 1012 | T19: GVS_BCLGJ_NSA_P_E51990 TS4-1 | U19: NA | V19: NA | W19: NA | X19: NA | Y19: NA | AA19: GTPL_BRD_10219 | AB19: 14106624 | AD19: Testing WIP
A20: 19 | B20: Link shifting | C20: ADARSH INFOSOLUTIONS (P) LIMITED | D20: 155 | E20: Airtel | F20: P2P | G20: Mumbai | H20: Bhiwandi | I20: MUM/XWY/901 | J20: HAO/VSI/001 | K20: MUM/XWY/901 | L20: BHW/BBY/008 | M20: 1073003800 | N20: 44695 | O20: 4192302 | Q20: MUM_XWY_901_5AC_B_HAT950BR513-GigabitEthernet0/3/0 VLAN: 4004 | R20: HAO_BCLMH_VSI_P_E51178 TS6-4 | S20: MUM_XWY_901_5AC_B_HAT950BR513-GigabitEthernet0/3/0 VLAN : 4092 | T20: BHW_BCLMH_BBY_P_E51583 TS7-2 | U20: NA | V20: NA | W20: NA | X20: NA | Y20: NA | AA20: GTPL_MUM_33924 | AB20: 13943995 | AC20: 14217073
A21: 20 | B21: Link shifting | C21: ZYE TELECOM PRIVATE LIMITED | D21: 155 | E21: Airtel | F21: P2P | G21: Hyderabad | H21: Muluingu | I21: HYD/CTS/902 | J21: INC/MUL/022 | K21: HYD/CTS/902 | L21: KIX/TLY/001 | Q21: HYD_CTS_903_C6501_T Port SH1-SL11-P18, SH1-SL13-P18 VLAN : 3631 | R21: INC/MUL/002 GIG OPTICAL INC_BCLAP_MUL_P_E97310 TS3-2 | S21: HYD_CTS_903_C6501_T Port SH1-SL11-P18, SH1-SL13-P18 VLAN : 3622 | T21: KIX_BCLAP_TLY_P_E62242 TS1-1 | U21: NA | V21: NA | W21: NA | X21: NA | Y21: NA | AA21: GTPL_HYD_10310 | AB21: 14043560 | AC21: 14141113
A22: 21 | B22: Link shifting | C22: ARICHWAL IT SERVICES PVT LTD | D22: 500 | E22: Airtel | F22: P2P | G22: New Delhi | H22: Taranagar | I22: NDL/TTB/901 | J22: STG/PRN/011 | K22: NDL/TTB/901 | L22: TNG/SRD/001 | M22: 3093000500 & 1323001700 | N22: 44697 | O22: 4192306 | Q22: NDL_TTB_901_8AC Port : 1/1/7 VLAN : 1500 | R22: SGN_BCLRJ_MKG_P_E87120 TS6-4 | S22: NDL_TTB_901_8AC Port : 1/1/7 VLAN : 1500 | T22: TNG_BCLRJ_SRD_P_E50415 TS4-3 | U22: NA | V22: NA | W22: NA | X22: NA | Y22: NA | AA22: GTPL_RAJ_10226 | AB22: 13959930 | AC22: 14217401
A23: 22 | B23: Link shifting | C23: Vision Hi-Speed Technology Pvt. Ltd | D23: 45 | E23: Airtel | F23: P2P | G23: Halvad | H23: Kuchiyadad | I23: RKT/NSS/032 | J23: RKT/KYD/124 | K23: HVL/BPN/003 | L23: RKT/KYD/124 | M23: 1003052100 | N23: 44740 | O23: 4226517 | Q23: RKT/NSS/032 RKT_BCLGJ_NSS_P_E51932 TS3-4 | R23: RKT/KYD/124 RKT_BCLGJ_KYD_P_E97366 TS1-3 | T23: RKT/KYD/124 RKT_BCLGJ_KYD_P_E97366 TS1-3 | U23: NA | V23: NA | W23: NA | X23: NA | Y23: NA | AA23: GTPL_RJT_10102 | AB23: 13874031 | AD23: provisioning wip
A24: 23 | B24: Link shifting | C24: ZYE TELECOM PRIVATE LIMITED | D24: 200 | E24: Airtel | F24: P2P | G24: Hyderabad | H24: Yanam | I24: HYD/CTS/902 | J24: TWA/MDP/002 | K24: HYD/CTS/902 | L24: YAN/KAM/001 | O24: 4198041 | Q24: HYD_CTS_903_C6501_T Port SH1-SL11-P18, SH1-SL13-P18 VLAN 3611 | R24: TWA/MDP/002 TWA_BCLAP_MDP_P_E99507 TS1-1 | S24: HYD_CTS_903_C6501_T Port SH1-SL11-P18, SH1-SL13-P18 VLAN : 2459 | T24: YAN_BCLAP_KAM_P_E61703 XSB-4 | U24: NA | V24: NA | W24: NA | X24: NA | Y24: NA | AA24: GTPL_ENT_10098 | AB24: 13986765 | AC24: 14221888
A25: 24 | B25: Link shifting | C25: MEGATEL NETWORKS PVT LTD | D25: 155 | E25: Airtel | F25: ILL | G25: NA | H25: Hatharas | I25: NA | J25: HTS/RMI/005 | K25: NA | L25: NDL/ATC/901 | M25: 3093001200 | N25: NA | O25: NA | Q25: NA | R25: HTS_BCLUP_RMI_P_C81825 port 2 | S25: NA | T25: NA | U25: 182.66.121.74 | V25: 255.255.255.252 | W25: 182.66.121.73 | X25: 103.139.66.0/24 & 103.139.67.0/24 & 103.160.196.0/24 & 103.160.197.0/24 | Y25: NA | Z25: NA | AA25: GTPL_HTR_10494 | AB25: 14111816 | AD25: NA
A26: 25 | B26: Link shifting | C26: MEGATEL NETWORKS PVT LTD | D26: 2000 | E26: Airtel | F26: P2P | G26: Mumbai | H26: Haldia | I26: MUM/OIS/901 | J26: HLD/DCK/001 | K26: MUM/XVS/901 | L26: HLD/DCK/001 | M26: 1073005401 & 3153000800 | N26: 44739 | O26: 4223670 | Q26: MUM_OIS_901_27AC_B_CNCS540R1226#TenGigE0/0/0/21.502 | R26: HLD_BCLWB_DCK_P_C76834 Port 12 | S26: MUM_XVS_901_25AC_B_CNCS540R1326#sh l2v xc int TenGigE0/0/0/15.1044 | T26: HLD_BCLWB_DCK_P_C76834 Port 12 (Existing Port) | U26: NA | V26: NA | W26: NA | X26: NA | Y26: NA | AA26: GTPL_MUMHLD_10397 | AB26: 14113450 | AC26: 14248976 | AD26: Inactive
A27: 26 | B27: Link shifting | C27: MEGATEL NETWORKS PVT LTD | D27: 1000 | E27: Airtel | F27: P2P | G27: Mumbai | H27: Bhagwangola | I27: MUM/OIS/901 | J27: BHB/VMJ/001 | K27: MUM/XVS/901 | L27: BHB/VMJ/001 | M27: 1073005402 & 3153000801 | N27: 44753 | O27: 4237096 | Q27: MUM_OIS_901_27AC_B_CNCS540R1226 100.64.77.194 Port : TenGigE0/0/0/21 VLAN: 504 | R27: BHB_BCLWB_VMJ_P_C74093 Port 15 | S27: MUM_XVS_901_20AC_B_CNCS540R1134# TenGigE0/0/0/27.1001 | T27: BHB_BCLWB_VMJ_P_C74093 Port 17 | U27: NA | V27: NA | W27: NA | X27: NA | Y27: NA | AA27: GTPL_MUMBHB_10322 | AB27: 14113609 | AC27: 14257883
A28: 27 | B28: Link shifting | C28: MEGATEL NETWORKS PVT LTD | D28: 500 | E28: Airtel | F28: P2P | G28: Mumbai | H28: Karimpur | I28: MUM/OIS/901 | J28: KMP/KBS/001 | K28: MUM/XVS/901 | L28: KMP/KBS/001 | M28: 1073005403 & 3153000802 | N28: 44739 | O28: 4223769 | Q28: MUM_OIS_901_27AC_B_CNCS540R1226 100.64.77.194 Port : TenGigE0/0/0/21 VLAN: 501 | R28: KMP_BCLWB_KBS_P_C75473 Port 3 | S28: MUM_XVS_901_20AC_B_CNCS540R1134 0/0/0/27 | T28: KMP_BCLWB_KBS_P_C75473 Port 3 | U28: NA | V28: NA | W28: NA | X28: NA | Y28: NA | AA28: GTPL_MUMKMP_10321 | AB28: 14113654 | AC28: 14248999
A29: 28 | B29: Link shifting | C29: MEGATEL NETWORKS PVT LTD | D29: 512 | E29: Airtel | F29: P2P | G29: Siliguri | H29: Sonipat | I29: MUM/OIS/901 | J29: MHB/MKP/002 | K29: SIL/VDP/050 | L29: SNP/NTC/012 | M29: 3153000900 & 4123001300 | N29: 44739 | O29: 4223740 | Q29: MUM_OIS_901_27AC_B_CNCS540R1226 100.64.77.194 Port : TenGigE0/0/0/23 VLAN: 301 | R29: MHB_BCLUP_HMT_P_C77164 Port 4 | S29: SNP_BCLHR_NTC_P_E51495 TS7-1 | T29: SIL-BCLWB-VDP-T5-CN26-177 Port 12 | U29: NA | V29: NA | W29: NA | X29: NA | Y29: NA | AA29: GTPL_MUMMAH_10497 | AB29: 14114612 | AC29: 14249019
A30: 29 | B30: Link shifting | C30: Chat Signal PVT LTD | D30: 45 | E30: Airtel | F30: P2P | G30: Mumbai | H30: Delgaun Mahi | I30: MUM/XWY/901 | J30: PGR/TEM/011 | K30: MUM/XWY/901 | L30: DEU/DRJ/002 | M30: 1073005400 | N30: 44739 | O30: 4223632 | Q30: MUM_XWY_901_5AC_B_HAT950BR513 --> GigabitEthernet0/3/0 | R30: PGR_BCLMH_TEM_P_E82635 TS3-2 | S30: MUM_XWY_901_5AC_B_HAT950BR513 --> GigabitEthernet0/3/0 | T30: DEU_BCLMH_DRJ_P_E59844 TS7-4 | U30: NA | V30: NA | W30: NA | X30: NA | Y30: NA | AA30: GTPL_MUM_10539 | AB30: 14108078 | AC30: 14248943
A31: 30 | B31: Link shifting | C31: DISHAWAVES INFONET PRIVATE LIMITED | D31: 500 | E31: Airtel | F31: P2P | G31: Ahmedabad | H31: Dharmaj | I31: AMD/MTR/901 | J31: SLV/VAI/012 | K31: AMD/MTR/901 | L31: ANA/NBS/008 | N31: 44756 | O31: 4238460 | Q31: AMD_MTR_901_3AC_B_HAT910CR157 100.64.10.138 interface GigabitEthernet0/2/3.1329 | R31: SLV_BCLGJ_VAI_P_E57296 TS1-4 | S31: AMD_MTR_901_2AC_B_HAT910CR110-GigabitEthernet0/2/3 VLAN -2658 | T31: ANA_BCLGJ_NBS_P_E53503 TS2-2 | U31: NA | V31: NA | W31: NA | X31: NA | Y31: NA | AA31: GTPL_AMDSLV_10393 | AB31: 14155535 | AC31: 14259425
A32: 31 | B32: Link shifting | C32: ZYE TELECOM PRIVATE LIMITED | D32: 310 | E32: Airtel | F32: P2P | G32: Hyderabad | H32: NANDALUR | I32: HYD/CTS/902 | J32: PLK/NDT/001 | K32: HYD/CTS/902 | L32: NLU/AVP/001 | O32: 4190029 | Q32: HYD_CTS_903_C6501_T' SH1-SL11-P18,SH1-SL13-P18 VLAN : 3619 | R32: PLK_BCLAP_NDT_P_E50623 TS1-1 | S32: HYD_CTS_903_C6501_T' SH1-SL11-P18,SH1-SL13-P18 VLAN : 695 | T32: NLU_BCLAP_AVP_P_E58489 TS2-2 | U32: NA | V32: NA | W32: NA | X32: NA | Y32: NA | AA32: GTPL_ENT_10010 | AB32: 13986764 | AC32: 14215749
A33: 32 | B33: Link shifting | C33: ZYE TELECOM PRIVATE LIMITED | D33: 500 | E33: Airtel | F33: P2P | G33: Hyderabad | H33: Laxmipuram | I33: HYD/CTS/902 | J33: JER/NTE/001 | K33: HYD/CTS/902 | L33: BXL/MPL/006 | O33: 4190866 | Q33: HYD_CTS_903_C6501_T' --> Port : SH1-SL11-P18,SH1-SL13-P18 --> VLAN : 3594 | R33: JER_BCLAP_NTE_P_E95558 GIG OPTICAL --> XSA-3 | S33: HYD_CTS_903_C6501_T' --> Port : SH1-SL11-P18,SH1-SL13-P18 --> VLAN : 4020 | T33: BXL_BCLAP_MPL_P_E93204 TS2-4 | U33: NA | V33: NA | W33: NA | X33: NA | Y33: NA | AA33: GTPL_ENT_10034 | AB33: 13956560 | AC33: 14217075
A34: 33 | B34: Link shifting | C34: HOSTAXIS NETWORK PRIVATE LIMITED | D34: 80 | E34: Airtel | F34: P2P | G34: Patna | H34: Motihari | I34: PTN/KPC/096 | J34: SHC/DSH/001 | K34: PTN/KPC/096 | L34: MHR/BHK/011 | M34: 1063002900 | Q34: PTN_BCLBR_KPC_P_C75976 PORT 9 Vlan 1012 | R34: SHC_BCLBR_DSH_P_C69381 PORT 22 | S34: PTN_BCLBR_KPC_P_C75976 PORT 9 Vlan 1012 | U34: NA | V34: NA | W34: NA | X34: NA | Y34: NA | AA34: GTPL_PTN_10294 | AB34: 14106325 | AD34: DoT Ack WIP
A35: 34 | B35: Link shifting | C35: ARICHWAL IT SERVICES PVT LTD | D35: 1100 | E35: Airtel | F35: P2P | G35: New Delhi | H35: Jhunjanu | I35: NDL/TTB/901 | J35: JJU/GYM/008 | K35: NDL/TTB/901 | L35: RWT/SNC/001 | M35: 3093001900 & 1323002600 | N35: 44761 | O35: 4242218 | Q35: NDL_TTB_901_8AC_B_IXREXXR873# 1/1/7:1503 | R35: RWT_BCLRJ_SNC_P_E96866 XSA-4 | S35: NDL_TTB_901_8AC_B_IXREXXR873# 1/1/7:1503 | T35: JJU_BCLRJ_GYM_P_E54161 TS2-2 | U35: NA | V35: NA | W35: NA | X35: NA | Y35: NA | AA35: GTPL_RWT_10472 | AB35: 14163939 | AC35: 14261647
A36: 35 | B36: Link shifting | C36: ZYE TELECOM PRIVATE LIMITED | D36: 310 | E36: Airtel | F36: P2P | G36: Hyderabad | H36: Kamanpuramandal | I36: HYD/CTS/902 | J36: NAS/ADD/001 | K36: HYD/CTS/902 | L36: KAA/IPR/042 | M36: 1043004400 | N36: 44773 | O36: 4255994 | U36: NA | V36: NA | W36: NA | X36: NA | Y36: NA | AA36: GTPL_NAS_10503 | AB36: 14146020 | AD36: link shifting cancel by customer
A37: 36 | B37: Link shifting | C37: ZYE TELECOM PRIVATE LIMITED | D37: 800 | E37: Airtel | F37: P2P | G37: Hyderabad | H37: Wanarpatthy | I37: HYD/CTS/902 | J37: KNPR/BRTE/001 | K37: HYD/CTS/902 | L37: WPY/PHS/001 | M37: 1043004100 | N37: 44759 | O37: 4247080 | Q37: HYD_CTS_903_C6501_T SH1-SL13-P1 VLAN: 3581 | R37: KNPR_BCLAP_BRTE_P_E94106 TS3-4 | S37: HYD_CTS_903_C6501_T Port SH1-SL11-P29 & SH1-SL13-P29 VLAN : 2534 | T37: WPY_BCLAP_PHS_P_E61303 Port : TS3-2 | U37: NA | V37: NA | W37: NA | X37: NA | Y37: NA | AA37: GTPL_ZYE_10323 | AB37: 13956612 | AC37: 14262195 | AD37: Active
A38: 37 | B38: Link shifting | C38: MEGATEL NETWORKS PVT LTD | D38: 512 | E38: Airtel | F38: P2P | G38: Mumbai | H38: Jagdalpur | I38: MUM/OIS/901 | J38: KSH/BAT/009 | K38: NOD/STE/901 | L38: KSH/BAT/009 | M38: 1073008300 & 3213000200 | N38: 44807 | O38: 4289305 | Q38: MUM_OIS_901_27AC_B_CNCS540R1226 Port : Te0/0/0/23 VLAN : 305 | R38: KSH_BCLHR_BAT_P_E55036 TS4-2 | S38: NOD_STE_901_1AG_A_ASR1XX, 1/1/18 | T38: KSH/BAT/009 KSH-BCLHR-BAT-T5-ER8.82 TS1-1 | U38: NA | V38: NA | W38: NA | X38: NA | Y38: NA | Z38: 2032 | AA38: GTPL_MUMKUR_10496 | AB38: 14114361 | AC38: 17486883 | AD38: Active
A39: 38 | B39: Link shifting | C39: SKYONLINE TECHNOSYSTEM PRIVATE LIMITED | D39: 45 | E39: Airtel | F39: P2P | G39: Jamnagar | H39: Khambhaliya | I39: JMN/KNT/001 | J39: KBL/OPP/001 | K39: JMN/NDA/004 | L39: KBL/OPP/001 | O39: 4278294 | Q39: JMN_BCLGJ_KNT_P_E52825 TS4-4 | R39: KBL_BCLGJ_OPP_P_E52164 TS6-4 | S39: JMN_BCLGJ_NDA_P_E82690 TS4_2 OTGBE REQ | T39: KBL_BCLGJ_OPP_P_E52164 TS6-4 | U39: NA | V39: NA | W39: NA | X39: NA | Y39: NA | AA39: GTPL_JAM_10208 | AB39: 14093763 | AD39: Active
A40: 39 | B40: Link shifting | C40: PROTOACT DIGITAL NETWORK PRIVATE LIMITED | D40: 200 | E40: Airtel | F40: P2P | G40: Godda | H40: Amarpara | I40: GOD/PSG/001 | J40: BZC/VBI/001 | K40: GOD/PSG/001 | L40: AMH/DPR/002 | M40: 1093002203 | O40: 4301027 | Q40: GOD_BCLBR_PSG_P_C62117 Port 17 VLAN 1000 | R40: BZC_BCLBR_VBI_P_C62054 Port 5 | S40: GOD_BCLBR_PSG_P_C62117 Port 17 VLAN 1000 | U40: NA | V40: NA | W40: NA | X40: NA | Y40: NA | AA40: GTPL_GODBZC_10469 | AB40: 14292310 | AC40: 14156933 | AD40: Active
A41: 40 | B41: Link shifting | C41: ZYE TELECOM PRIVATE LIMITED | D41: 350 | E41: Airtel | F41: P2P | G41: Hyderabad | H41: Sultanabad | I41: HYD/CTS/902 | J41: KRC/PKL/003 | K41: HYD/CTS/902 | L41: SLB/BBS/001 | N41: 44815 | O41: 4293719 | Q41: HYD_CTS_903_C6501_T Port SH1-SL11-P18, SH1-SL13-P18 VLAN : 3848 | R41: KRC_BCLAP_PKL_P_E61840 Port : XSA-3 | S41: HYD_CTS_903_C6501_T Port SH1-SL11-P18, SH1-SL13-P18 VLAN : 3848 | T41: SLB_BCLAP_BBS_P_E55471 TS1-1 | U41: NA | V41: NA | W41: NA | X41: NA | Y41: NA | Z41: vlan-3848 | AA41: GTPL_ZYE_10324 | AB41: 14093327 | AC41: 14288547 | AD41: Active
A42: 41 | B42: Link shifting | C42: ZYE TELECOM PRIVATE LIMITED | D42: 310 | E42: Airtel | F42: P2P | G42: Hyderabad | H42: Adilabad | I42: HYD/CTS/902 | J42: NAS/ADD/001 | K42: HYD/CTS/902 | L42: NAS/ADD/001 | N42: 44815 | O42: 4293720 | Q42: HYD_CTS_903_C6501_T Port SH1-SL11-P18,SH1-SL13-P18 VLAN : 3597 | R42: JDG_BCLAP_CLR_P_E63344 TS1-1 | S42: HYD_CTS_903_C6501_T Port SH1-SL11-P18,SH1-SL13-P18 VLAN : 3597 | T42: NAS_BCLAP_ADD_P_E55462 TS1-3 | U42: NA | V42: NA | W42: NA | X42: NA | Y42: NA | Z42: vlan-3597 | AA42: GTPL_NAS_10503 | AB42: 14146020 | AD42: link cancel
A43: 42 | B43: Link shifting | C43: Gigaline Teleservices OPC PVT LTD | D43: 150 | E43: Airtel | F43: P2P | G43: Mumbai | H43: Gangajal Ghati | I43: MUM/XVS/901 | J43: GII/PGJ/001 | K43: MUM/XVS/901 | L43: NUG/RYJ/003 | Q43: MUM_XVS_901_23AC_B_CNCS540R1248#sh run int te0/0/0/6.803 | R43: GII_BCLWB_PGJ_P_C75195 port 5 | U43: NA | V43: NA | W43: NA | X43: NA | Y43: NA | AA43: GTPL_GIGA_015 | AB43: 14213012 | AD43: RA Pending | AE43: Link Under contract period
A44: 43 | B44: Link shifting | C44: PROTOACT DIGITAL NETWORK PRIVATE LIMITED | D44: 200 | E44: Airtel | F44: P2P | G44: Godda | H44: Banka | I44: GOD/PSG/001 | J44: BZC/VBI/001 | K44: GOD/PSG/001 | L44: AMH/DPR/002 | O44: 4301027 | Q44: GOD_BCLBR_PSG_P_C62117 Port 17 VLAN 1000 | R44: BZC_BCLBR_VBI_P_C62054 Port 5 | S44: GOD_BCLBR_PSG_P_C78122 Port 3 | T44: AMH-BCLJH-DPR-T5-CN55-203 Port 2 | U44: NA | V44: NA | W44: NA | X44: NA | Y44: NA | AA44: GTPL_GODBZC_10469 | AB44: 14156933 | AC44: 14292310 | AD44: Active
A45: 44 | B45: Link shifting | C45: PROTOACT DIGITAL NETWORK PRIVATE LIMITED | D45: 300 | E45: Airtel | F45: P2P | G45: Noida | H45: Baniapur | I45: JSP/NBG/028 | J45: CKP/BKM/001 | K45: NOD/STE/901 | L45: JTZ/BWA/001 | N45: 44904 | O45: 4347986 | Q45: JSP_BCLJH_NBG_P_C81161 Port 6 | R45: CKP_BCLBR_BKM_P_C73895 Port 3 | S45: NOD_STE_901_8AC_B_IXREXXR519 - 1/1/10 1006 | T45: JTZ_BCLBR_BWA_P_C60382 port 5 | U45: NA | V45: NA | W45: NA | X45: NA | Y45: NA | AA45: GTPL_JMS_10262 | AB45: 14105023 | AC45: 14328103 | AD45: Active
A46: 45 | B46: Link shifting | C46: MEGATEL NETWORKS PVT LTD | D46: 500 | E46: Airtel | F46: P2P | G46: Mumbai | H46: Beed | I46: MUM/OIS/901 | J46: PUN/KBK/901 | K46: MUM/OIS/901 | L46: BED/HNR/001 | Q46: 100.64.77.194 MUM_OIS_901_27AC_B_CNCS540R1226# interface TenGigE0/0/0/17.1009 | R46: PUN_KBK_901_1AC_M_HAT910CR062> 10.213.12.194 // interface GigabitEthernet0/2/9 | U46: NA | V46: NA | W46: NA | X46: NA | Y46: NA | AA46: GTPL_PUNKBK_10400 | AB46: 14113917 | AD46: RA Pending | AE46: Link Under contract period
A47: 46 | B47: Link shifting | C47: JMD INTERNET AND SERVICES PRIVATE LIMITED | D47: 200 | E47: Airtel | F47: IIL | G47: NA | H47: Bikaner | I47: NA | J47: BKN/BCH/007 | K47: NA | L47: BKN/GOB/070 | Q47: NA | R47: BKN/BCH/007 - Gig Optical BKN_BCLRJ_BCH_P_E54642 TS3-1 | S47: NA | U47: 122.187.32.78 | V47: 255.255.255.252 | W47: 122.187.32.77 | X47: 103.74.220.0/22 | Y47: NA | Z47: NA | AA47: GTPL_BKN_10101 | AB47: 13897251 | AD47: RA Pending
A48: 47 | B48: Link shifting | C48: ZYE TELECOM PRIVATE LIMITED | D48: 500 | E48: Airtel | F48: P2P | G48: Hyderabad | H48: Kadappa | I48: HYD/CTS/902 | J48: CDP/ZSW/013 | K48: HYD/CTS/902 | L48: CDP/SLV/005 | Q48: HYD_CTS_903_C6501_T' SH1-SL11-P18,SH1-SL13 --> P18 | R48: CDP_BCLAP_ZSW_P_E54218 TS4-3 | S48: HYD_CTS_903_C6501_T' SH1-SL11-P18,SH1-SL13 --> P18 | U48: NA | V48: NA | W48: NA | X48: NA | Y48: NA | Z48: NA | AA48: GTPL_ENT_10007 | AB48: 13956575 | AD48: RA Pending | AE48: Link Under contract period
A49: 48 | B49: Link shifting | C49: Gigaline Teleservices OPC PVT LTD | D49: 1000 | E49: Airtel | F49: P2P | G49: Mumbai | H49: Goa | I49: MUM/XVS/901 | J49: CAE/APH/023 | K49: MUM/XVS/901 | L49: PRE/MAD/004 | Q49: MUM_XVS_901_6AC_B_HCX6HX3R66410.60.251.21 interface GigabitEthernet2/2/2.1876 | R49: CAE_BCLMH_APH_P_E51580_TS6-4 | S49: MUM_XVS_901_6AC_B_HCX6HX3R66410.60.251.21 interface GigabitEthernet2/2/2.1876 | U49: NA | V49: NA | W49: NA | X49: NA | Y49: NA | Z49: NA | AA49: GTPL_GIGA_022 | AB49: 14214015 | AD49: RA Pending | AE49: Link Under contract period
A50: 49 | B50: Link shifting | C50: Chat Signal PVT LTD | D50: 50 | E50: Airtel | F50: P2P | G50: Mumbai | H50: Tarapur | I50: MUM/XWY/901 | J50: PEN/AGM/001 | K50: MUM/XWY/901 | L50: TAA/NVR/001 | N50: 44949 | O50: 4381355 | Q50: MUM_XWY_901_5AC_B_HAT950BR513 --> GigabitEthernet0/3/0 | R50: PEN_TNGMH_AGM_P_E51097 TS7-3 | S50: MUM_XWY_901_5AC_B_HAT950BR513 Port : 0/3/0 VLAN : 4011 | T50: TAA_BCLMH_NVR_P_E58251_TS4-1 | U50: NA | V50: NA | W50: NA | X50: NA | Y50: NA | Z50: NA | AA50: GTPL_MUM_10548 | AB50: 13996154 | AD50: link cancel by customer
A51: 50 | B51: Link shifting | C51: PROTOACT DIGITAL NETWORK PRIVATE LIMITED | D51: 700 | E51: Airtel | F51: P2P | G51: Noida | H51: Jahanabad | I51: RCH/UAT/057 | J51: JAD/AWM/001 | K51: NOD/STE/901 | L51: JAD/AWM/001 | N51: 44946 | O51: 4379280 | Q51: RCH-BCLJH-UAT-T5-CN52_135 port:2 | R51: JAD_BCLBR_AWM_P_C77532 | S51: NOD_STE_901_3AC_B_IXREXXR478# show service sap-using | match 1/1/19:2008 | T51: JAD_BCLBR_AWM_P_C77532 port 11(sfp req) | U51: NA | V51: NA | W51: NA | X51: NA | Y51: NA | Z51: NA | AA51: GTPL_RAN_10102 | AB51: 13933626 | AC51: 14348180 | AD51: Active
A52: 51 | B52: Link shifting | C52: PROTOACT DIGITAL NETWORK PRIVATE LIMITED | D52: 850 | E52: Airtel | F52: P2P | G52: Noida | H52: Ramgadh | I52: RCH/UAT/057 | J52: RGH/RGC/004 | K52: NOD/STE/901 | L52: RGH/RGC/004 | N52: 44946 | O52: 4379309 | Q52: RCH/UAT/057 : RCH-BCLJH-UAT-T5-CN52_135 port 2 L2 poi vlan 1211 | R52: RGH_TNGJH_RGC_P_C80505 Port 3 | S52: NOD_STE_901_3AC_B_IXREXXR478# show service sap-using | match 1/1/19:2003 | T52: RGH_TNGJH_RGC_P_C80505 Port 3 | U52: NA | V52: NA | W52: NA | X52: NA | Y52: NA | Z52: NA | AA52: GTPL_PTN_10106 | AB52: 13956440 | AC52: 14348117 | AD52: Active
A53: 52 | B53: Link shifting | C53: PROTOACT DIGITAL NETWORK PRIVATE LIMITED | D53: 500 | E53: Airtel | F53: P2P | G53: Noida | H53: Bokaro | I53: RCH/UAT/057 | J53: PSO/BMH/001 | K53: NOD/STE/901 | L53: PSO/BMH/001 | N53: 45030 | O53: 4461668 | P53: 17807115 | Q53: RCH-BCLJH-UAT-T5-CN52_135 Port 2 vlan 1212 | R53: PSO_BCLJH_BMH_P_C64777 Port 11 | S53: NOD_STE_901_3AC_B_IXREXXR478""1/1/19" 2016" | T53: PSO_BCLJH_BMH_P_C64777 Port 11 | U53: NA | V53: NA | W53: NA | X53: NA | Y53: NA | Z53: NA | AA53: GTPL_RCH_10232 | AB53: 13956439 | AC53: 14397879 | AD53: Active
A54: 53 | B54: Link shifting | C54: PROTOACT DIGITAL NETWORK PRIVATE LIMITED | D54: 800 | E54: Airtel | F54: P2P | G54: Noida | H54: Gomia | I54: RCH/UAT/057 | J54: GMI/VBB/022 | K54: NOD/STE/901 | L54: GMI/VBB/022 | N54: 44953 | O54: 4384606 | Q54: RCH-BCLJH-UAT-T5-CN52_135 100.73.52.135 --> port 2 VLAN : 1215 | R54: GMI_BCLJH_VBB_P_C76879 --> Port 4 | S54: NOD_STE_901_8AC_B_IXREXXR519# 1/1/10:1011 | T54: GMI_BCLJH_VBB_P_C76879 port 4(existing)(pw only) | U54: NA | V54: NA | W54: NA | X54: NA | Y54: NA | Z54: NA | AA54: GTPL_RCH_10233 | AB54: 13990449 | AC54: 14350318 | AD54: Active
A55: 54 | B55: Link shifting | C55: PROTOACT DIGITAL NETWORK PRIVATE LIMITED | D55: 310 | E55: Airtel | F55: P2P | G55: Noida | H55: Deoghar | I55: RCH/UAT/057 | J55: MXD/NCH/001 | K55: NOD/STE/901 | L55: MXD/NCH/001 | N55: 44946 | O55: 4379305 | Q55: RCH-BCLJH-UAT-T5-CN52_135 port 2 L2 poi vlan 1219 | R55: MXD_BCLJH_NCH_P_C63659 Port 14 | S55: NOD_STE_901_3AC_B_IXREXXR478# 1/1/19:2001 | T55: MXD_BCLJH_NCH_P_C63660 Port 16 (SFP REQ) | U55: NA | V55: NA | W55: NA | X55: NA | Y55: NA | Z55: NA | AA55: GTPL_RCH_10304 | AB55: 14105014 | AC55: 14348126 | AD55: Active
A56: 55 | B56: Link shifting | C56: PROTOACT DIGITAL NETWORK PRIVATE LIMITED | D56: 310 | E56: Airtel | F56: P2P | G56: Noida | H56: Barharia | I56: RCH/UAT/057 | J56: BVH/JOR/002 | K56: NOD/STE/901 | L56: BVH/JOR/002 | N56: 44946 | O56: 4379279 | Q56: RCH-BCLJH-UAT-T5-CN52_135 port 2 L2 vlan 1220 | R56: BVH_BCLBR_JOR_P_C63015 Port 7 | S56: NOD_STE_901_3AC_B_IXREXXR478# show service sap-using | match 1/1/19:2004 | T56: BVH_BCLBR_JOR_P_C63015 port 1(sfp req) | U56: NA | V56: NA | W56: NA | X56: NA | Y56: NA | Z56: NA | AA56: GTPL_RCH_10305 | AB56: 14105001 | AC56: 14348181 | AD56: Active
A57: 56 | B57: Link shifting | C57: PROTOACT DIGITAL NETWORK PRIVATE LIMITED | D57: 600 | E57: Airtel | F57: P2P | G57: Noida | H57: Banka | I57: RCH/UAT/057 | J57: BKZ/MPR/017 | K57: NOD/STE/901 | L57: BKZ/MPR/017 | N57: 44946 | O57: 4379312 | Q57: RCH/UAT/057 RCH-BCLJH-UAT-T5-CN52_135 port 2 100.73.52.135 L2 vlan 1221 | R57: BKZ_BCLBR_MPR_P_C74950 Port 6 | S57: NOD_STE_901_3AC_B_IXREXXR478# show service sap-using | match 1/1/19:2005 | T57: BKZ_BCLBR_MPR_P_C74950 Port 6 | U57: NA | V57: NA | W57: NA | X57: NA | Y57: NA | Z57: NA | AA57: GTPL_RCHBKZ_10337 | AB57: 14130663 | AC57: 14348130 | AD57: Active
A58: 57 | B58: Link shifting | C58: PROTOACT DIGITAL NETWORK PRIVATE LIMITED | D58: 1050 | E58: Airtel | F58: P2P | G58: Noida | H58: Godda | I58: RCH/UAT/057 | J58: GOD/PSG/001 | K58: NOD/STE/901 | L58: GOD/PSG/001 | N58: 44946 | O58: 4379302 | Q58: RCH-BCLJH-UAT-T5-CN52_135 port 2 L2 poi vlan 1217 | R58: GOD_BCLBR_PSG_P_C78122 Port 11 | S58: NOD_STE_901_3AC_B_IXREXXR478# 1/1/19:2006 | T58: GOD_BCLBR_PSG_P_C78122 Port 11 | U58: NA | V58: NA | W58: NA | X58: NA | Y58: NA | Z58: NA | AA58: GTPL_RCHGOD_10351 | AB58: 14105102 | AD58: Active
A59: 58 | B59: Link shifting | C59: PROTOACT DIGITAL NETWORK PRIVATE LIMITED | D59: 800 | E59: Airtel | F59: P2P | G59: Noida | H59: Bihar Sharif | I59: RCH/NPD/081 | J59: BSF/BCC/003 | K59: NOD/STE/901 | L59: BSF/BCC/003 | N59: 44946 | O59: 4379300 | Q59: RCH_BCLJH_NPD_P_C64439 port 11 VLAN : 1700 | R59: BSF_BCLBR_BCC_P_C73600 Port 13 | S59: NOD_STE_901_3AC_B_IXREXXR478#1/1/19:2007 | T59: BSF_BCLBR_BCC_P_C77338 Port 11 (SFP PRESENT) | U59: NA | V59: NA | W59: NA | X59: NA | Y59: NA | Z59: NA | AA59: GTPL_RCHBCF_10401 | AB59: 14133613 | AC59: 14348178 | AD59: Active
A60: 59 | B60: Link shifting | C60: PROTOACT DIGITAL NETWORK PRIVATE LIMITED | D60: 150 | E60: Airtel | F60: P2P | G60: Noida | H60: Daltonganj | I60: RCH/UAT/057 | J60: DLT/ADB/001 | K60: NOD/STE/901 | L60: DLT/ADB/001 | N60: 44946 | O60: 4379301 | Q60: RCH-BCLJH-UAT-T5-CN52_135 port 2 L2 poi vlan 1223 | R60: DLT_BCLJH_ADB_P_C63877 Port 23 | S60: NOD_STE_901_8AC_B_IXREXXR519 1/1/10 VLAN : 1008 | T60: DLT_BCLJH_ADB_P_C63877 Port 23 | U60: NA | V60: NA | W60: NA | X60: NA | Y60: NA | Z60: NA | AA60: GTPL_DLTADB_10470 | AB60: 14156948 | AC60: 14348128 | AD60: Active
A61: 60 | B61: Link shifting | C61: PROTOACT DIGITAL NETWORK PRIVATE LIMITED | D61: 500 | E61: Airtel | F61: P2P | G61: Noida | H61: Dhanbad | I61: RCH/UAT/057 | J61: DHN/BCA/019 | K61: NOD/STE/901 | L61: DHN/BCA/019 | N61: 44946 | O61: 4379278 | Q61: RCH-BCLJH-UAT-T5-CN52_135 (100.73.52.135) Port 2 Vlan 1226 | R61: DHN_BCLJH_BCA_P_C76896 Port 3 | S61: NOD_STE_901_3AC_B_IXREXXR478# 1/1/19:1003 | T61: DHN_BCLJH_BCA_P_C76896 Port 3 | U61: NA | V61: NA | W61: NA | X61: NA | Y61: NA | Z61: NA | AA61: GTPL_RCHDHN_10595 | AB61: 14156945 | AC61: 14348450 | AD61: Active
A62: 61 | B62: Link shifting | C62: PROTOACT DIGITAL NETWORK PRIVATE LIMITED | D62: 500 | E62: Airtel | F62: P2P | G62: Noida | H62: Mirzapur | I62: RCH/UAT/057 | J62: PTN/SNU/194 | K62: NOD/STE/901 | L62: PTN/SNU/194 | N62: 44946 | O62: 4379281 | Q62: RCH-BCLJH-UAT-T5-CN52_135 (100.73.52.135) Port 2 Vlan 1227 | R62: PTN_BCLBR_SNU_P_C71239 Port 7 | S62: NOD_STE_901_3AC_B_IXREXXR478> port 1/1/19:2002 | T62: PTN-BCLBR-SNU-T5-CN54-81 (100.73.54.81) Port 4 | U62: NA | V62: NA | W62: NA | X62: NA | Y62: NA | Z62: NA | AA62: GTPL_RCHPTN_10596 | AB62: 14208729 | AC62: 14348179 | AD62: Active
A63: 62 | B63: Link shifting | C63: PROTOACT DIGITAL NETWORK PRIVATE LIMITED | D63: 150 | E63: Airtel | F63: P2P | G63: Noida | H63: Bakhtiyarpur | I63: RCH/UAT/057 | J63: BKP/MDP/001 | K63: NOD/STE/901 | L63: BKP/MDP/001 | N63: 44946 | O63: 4379313 | Q63: RCH-BCLJH-UAT-T5-CN52_135 port 2 L2 poi vlan 1236 | R63: BKP_BCLBR_MDP_P_C77413 Port 2 | S63: NOD_STE_901_3AC_B_IXREXXR478# :1/1/19:165 | T63: BKP_BCLBR_MDP_P_C77413 Port 2 | U63: NA | V63: NA | W63: NA | X63: NA | Y63: NA | Z63: NA | AA63: GTPL_RCHBKP_10597 | AB63: 14208739 | AC63: 14348182 | AD63: Active
A64: 63 | B64: Link shifting | C64: PROTOACT DIGITAL NETWORK PRIVATE LIMITED | D64: 500 | E64: Airtel | F64: P2P | G64: Noida | H64: Bokaro | I64: RCH/UAT/057 | J64: BKO/BSC/020 | K64: NOD/STE/901 | L64: BKO/BSC/020 | N64: 44953 | O64: 4384605 | Q64: RCH-BCLJH-UAT-T5-CR55.221#TenGigE0/0/0/5 | R64: BKO_BCLJH_BSC_P_C69777 Port 5 | S64: NOD_STE_901_3AC_B_IXREXXR478# 1/1/19:2009 | T64: BKO_BCLJH_BSC_P_C69777 Port 5 (existing)(pw only) | U64: NA | V64: NA | W64: NA | X64: NA | Y64: NA | Z64: NA | AA64: GTPL_RCHBKO_10677 | AB64: 14250386 | AC64: 14350373 | AD64: Active
A65: 64 | B65: Link shifting | C65: MEGATEL NETWORKS PVT LTD | D65: 500 | E65: Airtel | F65: P2P | G65: Mangalagiri | H65: Mella Chervu | I65: MGL/BRS/004 | J65: NGD/APM/024 | K65: VJW/EDL/001 | L65: NGD/APM/024 | N65: 44949 | O65: 4381803 | Q65: MGL_FTTAP_BRS_P_E82241 XSA-1 | R65: NGD_BCLAP_APM_P_E88800 TS3-3 | U65: NA | V65: NA | W65: NA | X65: NA | Y65: NA | Z65: NA | AA65: GTPL_HTFH_10332 | AB65: 14189686 | AD65: provisioning wip
A66: 65 | B66: Link shifting | C66: ZYE TELECOM PRIVATE LIMITED | D66: 1000 | E66: Airtel | F66: P2P | G66: Hyderabad | H66: Warangal | I66: HYD/CTS/902 | J66: DHWD/NYNP/002 | K66: HYD/CTS/902 | L66: WGL/ADO/018 | N66: 44949 | O66: 4381801 | Q66: HYD_CTS_903_C6501_T Port SH1-SL11-P29 & SH1-SL13-P29, VLAN - 4035 | R66: DHWD_BCLAP_NYNP_P_E95067 TS2-1 | S66: HYD_CTS_903_C6501_T Port SH1-SL11-P29 & SH1-SL13-P29, VLAN - 4035 | T66: WGL_BCLAP_ADO_P_E51423 TS7-1[OTGBE AVAL] | U66: NA | V66: NA | W66: NA | X66: NA | Y66: NA | Z66: NA | AA66: GTPL_HYD_10827 | AB66: 14253184 | AC66: 14349532 | AD66: Active
A67: 66 | B67: Link shifting | C67: Pagasuswav | D67: 500 | E67: Airtel | F67: P2P | G67: Mumbai | H67: Gopiballavpur | I67: MUM/XVS/901 | J67: GQY/FIM/008 | K67: MUM/XVS/901 | L67: RNNG/SKPA/001 | N67: 44961 | O67: 4390136 | Q67: MUM_XVS_901_25AC_B_CNCS540R1326#sh run int TenGigE0/0/0/15 VLAN :1035 | R67: GQY_BCLWB_FIM_P_C72392 Port 4 | S67: MUM_XVS_901_26AC_B_CNCS540R1326# TE0/0/0/26 VLAN-1035 | T67: RNNG_BCLWB_SKPA_P_C80224 port 8 | U67: NA | V67: NA | W67: NA | X67: NA | Y67: NA | Z67: NA | AA67: GTPL_KOL_10326 | AB67: 14274993 | AC67: 14354268 | AD67: Active
A68: 67 | B68: Link shifting | C68: Net4U Technology | D68: 100 | E68: Airtel | F68: P2P | G68: Udaipur | H68: V- Parda | I68: UPR/MVS/018 | J68: UPR/URD/027 | K68: UPR/MVS/018 | L68: UPR/SBC/029 | N68: 44974 | O68: 4399524 | Q68: UPR_BCLRJ_MVS_P_E53120/TS4-2 VLAN - 1015 | R68: UPR/URD/027 GIG OPTICAL UPR_BCLRJ_URD_P_E53117 TS1-3 (REQ-OTGBE) | S68: UPR/MVS/018 UPR_BCLRJ_MVS_P_E53120/TS4-2 VLAN - 1015 | T68: UPR_BCLRJ_SBC_P_E95379 TS1-1 REQ OTGBE SFP | U68: NA | V68: NA | W68: NA | X68: NA | Y68: NA | Z68: NA | AA68: GTPL_UDP_10229 | AB68: 14084253 | AC68: 14369747 | AD68: Active
A69: 68 | B69: Link shifting | C69: ZYE TELECOM PRIVATE LIMITED | D69: 500 | E69: Airtel | F69: P2P | G69: Hyderabad | H69: Guntur | I69: HYD/CTS/902 | J69: NSPT/PMRU/003 | K69: HYD/CTS/902 | L69: JER/NTE/001 | N69: 44977 | O69: 4401081 | Q69: HYD_CTS_903_C6501_T Port SH1-SL11-P29 & SH1-SL13-P29#VLAN 4023 | R69: NSPT_BCLAP_PMRU_P_E93472 TS1-4 | S69: HYD_CTS_903_C6501_T Port SH1-SL11-P29 & SH1-SL13-P29#VLAN 4023 | T69: JER/NTE/001 JER_BCLAP_NTE_P_E95558 TS2-4[OTGBE AVAIL] | U69: NA | V69: NA | W69: NA | X69: NA | Y69: NA | Z69: NA | AA69: GTPL_HYD_10879 | AB69: 14268936 | AC69: 14370655 | AD69: Active
A70: 69 | B70: Link shifting | C70: MEGATEL NETWORKS PVT LTD | D70: 700 | E70: Airtel | F70: P2P | G70: Mumbai | H70: Karimpur | I70: MUM/XVS/901 | J70: KMP/KBS/001 | K70: MUM/XVS/901 | L70: KMP/KBS/001 | N70: 44998 | O70: 4421141 | Q70: MUM_OIS_901_27AC_B_CNCS540R1226 100.64.77.194 Port : TenGigE0/0/0/21 VLAN: 501 | R70: KMP_BCLWB_KBS_P_C75473 Port 3 | T70: KMP_BCLWB_KBS_P_C75473 Port 3 | U70: NA | V70: NA | W70: NA | X70: NA | Y70: NA | Z70: NA | AA70: GTPL_MUMKMP_10321 | AB70: 14248999 | AD70: link cancel by customer
A71: 70 | B71: Link shifting | C71: MEGATEL NETWORKS PVT LTD | D71: 2000 | E71: Airtel | F71: P2P | G71: Mumbai | H71: Haldia | I71: MUM/XVS/901 | J71: HLD/DCK/001 | K71: MUM/XVS/901 | L71: HLD/DCK/001 | Q71: MUM_OIS_901_27AC_B_CNCS540R1226#TenGigE0/0/0/21.502 | R71: HLD_BCLWB_DCK_P_C76834 Port 12 | T71: HLD_BCLWB_DCK_P_C76834 Port 12 (Existing Port) | U71: NA | V71: NA | W71: NA | X71: NA | Y71: NA | Z71: NA | AA71: GTPL_MUMHLD_10397 | AB71: 14248976 | AD71: link cancel by customer
A72: 71 | B72: Link shifting | C72: Pegasus Wave Pvt. Ltd | D72: 500 | E72: Airtel | F72: P2P | G72: Mumbai | H72: Narayangarh | I72: MUM/XVS/901 | J72: NAH/BHU/001 | K72: MUM/XVS/901 | L72: NAH/BHU/001 | N72: 44979 | O72: 4403204 | Q72: MUM_XVS_901_25AC_B_CNCS540R1326#sh run int TenGigE0/0/0/15 VLAN :1010 | R72: NAH_BCLWB_BHU_P_C76908 Port 7 | S72: MUM/XVS/901_26AC_B_CNCS540R1326# TE0/0/0/26 VLAN : 1010 | T72: NAH_BCLWB_BHU_P_C76908 Port 7 | U72: NA | V72: NA | W72: NA | X72: NA | Y72: NA | Z72: NA | AA72: GTPL_KOL_10941 | AB72: 14274979 | AC72: 14274979 | AD72: Active
A73: 72 | B73: Link shifting | C73: Sphatik Network | D73: 2000 | E73: Airtel | F73: P2P | G73: Noida | H73: Mahendragar | I73: NOD/STE/901 | J73: NNL/GTI/020 | K73: MUM/NTS/901 | L73: GNL/NBE/005 | N73: 45005 | O73: 17767109 | Q73: NOD_STE_901_1AG_A_ASR1XXXR066 Port : 1/1/39 Vlan1600 | R73: NNL_BCLHR_GTI_P_E95330 Port : TS_2 PORT 1 | U73: NA | V73: NA | W73: NA | X73: NA | Y73: NA | Z73: NA | AA73: GTPL_MHND_11124 | AB73: 14331873 | AD73: RA Pending
A74: 73 | B74: Link shifting | C74: Chat Signal PVT LTD | D74: 500 | E74: Airtel | F74: P2P | G74: MUMBAI | H74: NASIK | I74: MUM/XWY/901 | J74: NST/NRD/066 | K74: MUM/XWY/901 | L74: NST/NRD/066 | N74: 45006 | O74: 17770035 | P74: 4428915 | Q74: MUM_XWY_901_6AC_B_HAT910CR786 GigabitEthernet0/2/13.1012 | R74: NST_BCLMH_NRD_P_E53853_TS6_2 | S74: MUM_XWY_901_1AG_A_HCX6HX8R043 GigabitEthernet6/1/6 | T74: NST_BCLMH_NRD_P_E53853_TS6_2 | U74: NA | V74: NA | W74: NA | X74: NA | Y74: NA | Z74: NA | AA74: GTPL_STR_11008 | AB74: 14306370 | AC74: 14306370 | AD74: Active
A75: 74 | B75: Link shifting | C75: Orbitedge broadband | D75: 130 | E75: Airtel | F75: P2P | G75: Patna | H75: Gaya | I75: NWD/PNW/004 | J75: FTH/NDM/001 | K75: PTN/PIA/093 | L75: FTH/NDM/001 | N75: 45042 | O75: 17820206 | P75: 4468224 | Q75: NWD_TNGBR_PNW_P_C77408 Port 11 Vlan 2001 | R75: FTH_BCLBR_NDM_P_C80629 Port 3 | S75: PTN-BCLBR-PIA-T5-CN53_222 (100.73.53.222) port 4 vlan 1003 | T75: FTH_BCLBR_NDM_P_C80629 port 3 (existing pw only) | U75: NA | V75: NA | W75: NA | X75: NA | Y75: NA | Z75: NA | AA75: GTPL_PTN_10857 | AB75: 13959770 | AC75: 14404133 | AD75: Active
A76: 75 | B76: Link shifting | C76: Orbitedge broadband | D76: 130 | E76: Airtel | F76: P2P | G76: Patna | H76: Rajauli | I76: NWD/PNW/004 | J76: NWD/AWN/012 | K76: PTN/PIA/093 | L76: NWD/AWN/012 | N76: 45042 | O76: 17820221 | P76: 4468223 | Q76: NWD_TNGBR_PNW_P_C77408 Port 11 - VLAN - 2005 | R76: NWD_BCLBR_AWN_P_C73913 PORT 6 | S76: PTN-BCLBR-PIA-T5-CN53_222 (100.73.53.222) port 4 vlan 1002 | T76: NWD_BCLBR_AWN_P_C73913 PORT 6 (PW Only) | U76: NA | V76: NA | W76: NA | X76: NA | Y76: NA | Z76: NA | AA76: GTPL_NWD_10773 | AB76: 14265485 | AC76: 14404139 | AD76: Active
A77: 76 | B77: Link shifting | C77: Orbitedge broadband | D77: 70 | E77: Airtel | F77: P2P | G77: Patna | H77: REPURA | I77: NWD/PNW/004 | J77: HUA/VIR/001 | K77: PTN/PIA/093 | L77: HUA/VIR/001 | N77: 45042 | O77: 17820228 | P77: 4468222 | Q77: NWD_TNGBR_PNW_P_C77408 Port 11 - VLAN - 2004 | R77: NWD_BCLBR_HUA_P_C74453 Port 12 | S77: PTN-BCLBR-PIA-T5-CN53_222 (100.73.53.222) Port 4 VLAN Range 1004 | T77: NWD_BCLBR_HUA_P_C74453 Port 12 [PW ONLY] | U77: NA | V77: NA | W77: NA | X77: NA | Y77: NA | Z77: NA | AA77: GTPL_NWD_10794 | AB77: 14265659 | AC77: 14404144 | AD77: Active
A78: 77 | B78: Link shifting | C78: PROTOACT DIGITAL NETWORK PRIVATE LIMITED | D78: 500 | E78: Airtel | F78: P2P | G78: Noida | H78: PHUSRO | I78: RCH/UAT/057 | J78: PSO/BMH/001 | K78: NOD/STE/901 | L78: PSO/BMH/001 | Q78: RCH-BCLJH-UAT-T5-CN52_135 Port 2 vlan 1212 | R78: PSO_BCLJH_BMH_P_C64777 Port 11 | U78: NA | V78: NA | W78: NA | X78: NA | Y78: NA | Z78: NA | AA78: GTPL_RCH_10232 | AB78: 13956439 | AD78: RA Pending
A79: 78 | B79: Link shifting | C79: PROTOACT DIGITAL NETWORK PRIVATE LIMITED | D79: 500 | E79: Airtel | F79: P2P | G79: Noida | H79: Gaya | I79: RCH/UAT/057 | J79: BDG/HDI/001 | K79: NOD/STE/901 | L79: BDG/HDI/001 | Q79: RCH-BCLJH-UAT-T5-CN52_135 port 2 L2 poi | R79: BDG_BCLBR_HDI_P_C76977 Port 7 | U79: NA | V79: NA | W79: NA | X79: NA | Y79: NA | Z79: NA | AA79: GTPL_ENT_10005 | AB79: 13983074 | AD79: RA Pending
A80: 79 | B80: Link shifting | C80: PROTOACT DIGITAL NETWORK PRIVATE LIMITED | D80: 500 | E80: Airtel | F80: P2P | G80: Noida | H80: Nalanda | I80: RCH/UAT/057 | J80: BSF/RGR/017 | K80: NOD/STE/901 | L80: BSF/RGR/017 | Q80: RCH-BCLJH-UAT-T5-CN52_135 100.73.52.135 port 2 L2 poi vlan 1218 | R80: BSF-BCLBR-RGR-T5-CN53_62 100.73.53.62 GIG port 3 | U80: NA | V80: NA | W80: NA | X80: NA | Y80: NA | Z80: NA | AA80: GTPL_RCH_10306 | AB80: 14105009 | AD80: RA Pending
A81: 80 | B81: Link shifting | C81: PROTOACT DIGITAL NETWORK PRIVATE LIMITED | D81: 300 | E81: Airtel | F81: P2P | G81: Noida | H81: Dumka | I81: RCH/UAT/057 | J81: DMK/JMD/002 | K81: NOD/STE/901 | L81: DMK/JMD/002 | Q81: RCH-BCLJH-UAT-T5-CN52_135 port 2 L2 poi vlan 1224 | R81: DMK_BCLJH_JMD_P_C63654 Port 21 | U81: NA | V81: NA | W81: NA | X81: NA | Y81: NA | Z81: NA | AA81: GTPL_RCHDMK_10471 | AB81: 14156953 | AD81: RA Pending
A82: 81 | B82: Link shifting | C82: PROTOACT DIGITAL NETWORK PRIVATE LIMITED | D82: 200 | E82: Airtel | F82: P2P | G82: Noida | H82: Jahanabad | I82: RCH/UAT/057 | J82: JAD/KJR/008 | K82: NOD/STE/901 | L82: JAD/KJR/008 | Q82: RCH-BCLJH-UAT-T5-CN52_135 port 2 L2 poi vlan 1222 | R82: JAD_BCLBR_KJR_P_C75804 Port 13 | U82: NA | V82: NA | W82: NA | X82: NA | Y82: NA | Z82: NA | AA82: GTPL_RCHJAD_10403 | AB82: 14156951 | AD82: RA Pending
A83: 82 | B83: Link shifting | C83: PROTOACT DIGITAL NETWORK PRIVATE LIMITED | D83: 155 | E83: Airtel | F83: P2P | G83: Noida | H83: Kurtha | I83: RCH/UAT/057 | J83: MOBA/KUTH/001 | K83: NOD/STE/901 | L83: MOBA/KUTH/001 | Q83: RCH-BCLJH-UAT-T5-CN52_135 (100.73.52.135) port 2 L2 poi vlan 1232 | R83: MOBA-BCLJH-KUTH-T5-CN83-71 100.73.83.71 port 5 | U83: NA | V83: NA | W83: NA | X83: NA | Y83: NA | Z83: NA | AA83: GTPL_MOBA_10647 | AB83: 14156950 | AD83: RA Pending
A84: 83 | B84: Link shifting | C84: Acushnet Communication | D84: 50 | E84: Airtel | F84: P2P | G84: Rajkot | H84: Mahuva | I84: JGH/KLC/001 | J84: MVA/DDR/001 | K84: RKT/CCT/067 | L84: MVA/DDR/001 | N84: 45047 | O84: 17827659 | P84: 4471708 | Q84: JGH_BCLGJ_KLC_P_E89104 TS1-2 (L2 POI) - VLAN:- 910 | R84: MVI_BCLGJ_DDR_P_E52573 TS4-4 | S84: RKT/CCT/067 RKT_GTPGJ_CCT_P_E55509 XSA-port 4 -- VLAN:2015 | T84: MVA/DDR/001 MVI_BCLGJ_DDR_P_E52573/TS4-4 | U84: NA | V84: NA | W84: NA | X84: NA | Y84: NA | Z84: NA | AA84: GTPL_ENT_10141 | AB84: 14044780 | AC84: 14406706 | AD84: Active
A85: 84 | B85: Link shifting | C85: Acushnet Communication | D85: 250 | E85: Airtel | F85: P2P | G85: Rajkot | H85: Bagasara | I85: JGH/KLC/001 | J85: BGS/NSM/001 | K85: RKT/CCT/067 | L85: BGS/NSM/001 | N85: 45047 | O85: 17827666 | P85: 4471691 | Q85: JGH_BCLGJ_KLC_P_E89104 TS1-2 (L2 POI) - VLAN:- 950 | R85: BGS_BCLGJ_NSM_P_E52352 TS6-3 | S85: RKT/CCT/067 KT_GTPGJ_CCT_P_E55509 XSA-port 4 -- VLAN:2013 | T85: BGS_BCLGJ_NSM_P_E52352 TS6-3 OTGBE AVAL | U85: NA | V85: NA | W85: NA | X85: NA | Y85: NA | Z85: NA | AA85: GTPL_ENT_10142 | AB85: 14044876 | AC85: 14406711 | AD85: Active
A86: 85 | B86: Link shifting | C86: Acushnet Communication | D86: 125 | E86: Airtel | F86: P2P | G86: Rajkot | H86: Talaja | I86: JGH/KLC/001 | J86: TJI/GNR/001 | K86: RKT/CCT/067 | L86: TJI/GNR/001 | N86: 45101 | O86: 17955176 | P86: 4513121 | Q86: JGH_BCLGJ_KLC_P_E89104 TS1-2 (L2 POI) - VLAN:- 915 | R86: TJI_BCLGJ_GNR_P_E52575 TS2-4 | S86: RKT_GTPGJ_CCT_P_E55509 XSA-port 4 VLAN:2004 | T86: TJI/GNR/001 - Remain same -- TJI_BCLGJ_GNR_P_E52575/TS2-4 OTGBE AVAL | U86: NA | V86: NA | W86: NA | X86: NA | Y86: NA | Z86: NA | AA86: GTPL_ENT_10143 | AB86: 14044803 | AC86: 14468982 | AD86: Active
A87: 86 | B87: Link shifting | C87: Acushnet Communication | D87: 100 | E87: Airtel | F87: P2P | G87: Rajkot | H87: Una | I87: JGH/KLC/001 | J87: UNA/GTS/001 | K87: RKT/CCT/067 | L87: UNA/GTS/001 | N87: 45047 | O87: 17827668 | P87: 4471679 | Q87: JGH_BCLGJ_KLC_P_E89104 TS1-2 (L2 POI) - VLAN:- 912 | R87: UNA_BCLGJ_GTS_P_E53746 TS4-1 | S87: RKT/CCT/067 - RKT_GTPGJ_CCT_P_E55509 XSA-port 4 -- VLAN:2003 | T87: UNA/GTS/001 RUNA_BCLGJ_GTS_P_E53746 TS4-1[existing] | U87: NA | V87: NA | W87: NA | X87: NA | Y87: NA | Z87: NA | AA87: GTPL_ENT_10144 | AB87: 14044873 | AC87: 14406713 | AD87: Active
A88: 87 | B88: Link shifting | C88: Acushnet Communication | D88: 50 | E88: Airtel | F88: P2P | G88: Rajkot | H88: Talala | I88: JGH/KLC/001 | J88: TLA/BLS/007 | K88: RKT/CCT/067 | L88: TLA/BLS/007 | N88: 45047 | O88: 17827669 | P88: 4471680 | Q88: JGH_BCLGJ_KLC_P_E89104 TS1-2 (L2 POI) - VLAN:- 911 | R88: TLA_BCLGJ_BLS_P_E90041 TS1-2 | S88: RKT/CCT/067 RKT_GTPGJ_CCT_P_E55509 XSA-port 4 -- VLAN:2016 | T88: TLA/BLS/007 TLA/BLS/007- TLA_BCLGJ_BLS_P_E90041 TS1-2 | U88: NA | V88: NA | W88: NA | X88: NA | Y88: NA | Z88: NA | AA88: GTPL_ENT_10145 | AB88: 14044804 | AC88: 14406714 | AD88: Active
A89: 88 | B89: Link shifting | C89: Acushnet Communication | D89: 512 | E89: Airtel | F89: P2P | G89: Rajkot | H89: Keshod | I89: JGH/KLC/001 | J89: KSD/NGN/005 | K89: RKT/CCT/067 | L89: KSD/NGN/005 | N89: 45047 | O89: 17827670 | P89: 4471677 | Q89: JGH_BCLGJ_KLC_P_E89104 TS1-2 --- VLAN :1000 | R89: KSD_BCLGJ_NGN_P_E82262_TS3-2(REQ OTGBE) | S89: RKT_GTPGJ_CCT_P_E55509 XSA-port 4 [vlan:2002] | T89: KSD/NGN/005 KSD_BCLGJ_NGN_P_E82262 TS3-2 [existing] | U89: NA | V89: NA | W89: NA | X89: NA | Y89: NA | Z89: NA | AA89: GTPL_KSD_11021 | AB89: 14341941 | AC89: 14406715 | AD89: Active
A90: 89 | B90: Link shifting | C90: Acushnet Communication | D90: 155 | E90: Airtel | F90: P2P | G90: Rajkot | H90: Una | I90: JGH/KLC/001 | J90: UNA/GTS/001 | K90: RKT/CCT/067 | L90: UNA/GTS/001 | N90: 45049 | O90: 17827900 | P90: 4472589 | Q90: JGH_BCLGJ_KLC_P_E89104 - L2 TS1-2 (VLAN:699) | R90: UNA_BCLGJ_GTS_P_E53746 TS6-1 | S90: RKT/CCT/067 RKT_GTPGJ_CCT_P_E55509 XSA-port 4 NNI requested in RA : 4452609[vlan:2014] | T90: UNA/GTS/001 UNA_BCLGJ_GTS_P_E53746 TS6-1 [REUSE PORT FROM DIS.RA: 4472590 - JLPR-T1842721] OTGBE AVAL[existing] | U90: NA | V90: NA | W90: NA | X90: NA | Y90: NA | Z90: NA | AA90: GTPL_JNG_11117 | AB90: 14356757 | AC90: 14406858 | AD90: Active
A91: 90 | B91: Link shifting | C91: Bhorer Alo | D91: 155 | E91: Airtel | F91: P2P | G91: Vadodara | H91: Dhandhuka | I91: BRD/SCX/057 | J91: GES/SEG/001 | K91: BRD/SCX/057 | L91: DDK/CLR/001 | Q91: BRD_BCLGJ_SCX_P_E88820 XSA_4 VLAN : 1204 | R91: GES_BCLGJ_SEG_P_E57696 TS1-1 | U91: NA | V91: NA | W91: NA | X91: NA | Y91: NA | Z91: NA | AA91: GTPL_BRD_10862 | AB91: 14261737 | AD91: RA Pending
A92: 91 | B92: Link shifting | C92: Gigaline Teleservices OPC PVT LTD | D92: 50 | E92: Airtel | F92: P2P | G92: Mumbai | H92: Nanded | I92: MUM/XVS/901 | J92: DLO/MKL/003 | K92: MUM/XVS/901 | L92: DLO/GDC/007 | Q92: MUM_XVS_901_23AC_B_CNCS540R1248#100.64.87.114 interface TenGigE0/0/0/6.673 | R92: DLO_BCLMH_MKL_P_E88309_TS1_3 | U92: NA | V92: NA | W92: NA | X92: NA | Y92: NA | Z92: NA | AA92: GTPL_DGL_10871 | AB92: 14267468 | AD92: RA Pending
A93: 92 | B93: Link shifting | C93: MEGATEL NETWORKS PVT LTD | D93: 1000 | E93: Airtel | F93: P2P | G93: Mumbai | H93: Sindhudurg | I93: MUM/OIS/901 | J93: SVW/SBB/002 | K93: MUM/XVS/901 | L93: SVW/SBB/002 | N93: 45136 | O93: 18206296 | P93: 4598905 | Q93: MUM_OIS_901_27AC_B_CNCS540R1226 Te0/0/0/21.506 | R93: SVW_BCLMH_SBB_P_E61143 TS3-3(OTGBE REQ) | S93: MUM_XVS_901_28AC_B_CNCS540R1374#show run int TenGigE0/0/0/5.1001 | T93: SVW/SBB/002 SVW_BCLMH_SBB_P_E61143 XS A PORT-4 (OTGBE AVAILABLE) | U93: NA | V93: NA | W93: NA | X93: NA | Y93: NA | Z93: NA | AA93: GTPL_SNDH_11081 | AB93: 14330932 | AC93: 14580978 | AD93: Active
A94: 93 | B94: Link shifting | C94: MEGATEL NETWORKS PVT LTD | D94: 512 | E94: Airtel | F94: P2P | G94: New Mumbai | H94: CHIKHALI | I94: MUM/OIS/901 | J94: CKL/NPH/001 | K94: MUM/XVS/901 | L94: CKL/NPH/001 | N94: 45136 | O94: 18027448 | P94: 4539029 | Q94: MUM_OIS_901_27AC_B_CNCS540R1226 - TenGigE0/0/0/21.1700 | R94: CKL/NPH/001 CKL_BCLMH_NPH_P_E53908 TS4-1 AVL OTGB | S94: MUM_XVS_901_28AC_B_CNCS540R1374#show run interface Te0/0/0/5.1704 | T94: CKL/NPH/001 GIG OPTICAL CKL_BCLMH_NPH_P_E53908 TS4-4 OTGBE AVAIL | U94: NA | V94: NA | W94: NA | X94: NA | Y94: NA | Z94: NA | AA94: GTPL_NAV_11253 | AB94: 14358871 | AC94: 14483224 | AD94: Active
A95: 94 | B95: Link shifting | C95: MEGATEL NETWORKS PVT LTD | D95: 512 | E95: Airtel | F95: P2P | G95: Mumbai | H95: Belagavi | I95: MUM/OIS/901 | J95: BEL/TLK/904 | K95: MUM/XVS/901 | L95: BEL/TLK/904 | P95: 4543626 | Q95: MUM_OIS_901_27AC_B_CNCS540R1226#sh l2v xc int TenGigE0/0/0/21.1849 | R95: BEL_TLK_904_N1201_B_ER30.60 TS7-1 | S95: MUM/XVS/901 MUM_XVS_901_24AC_B_CNCS540R1248 /0/0/16 vlan:1610 | T95: BEL/TLK/904 BEL_TLK_904_N1201_B_ER30.60 TS1-3 | U95: NA | V95: NA | W95: NA | X95: NA | Y95: NA | Z95: NA | AA95: GTPl_BEL_11063 | AB95: 14349619 | AC95: 14486975 | AD95: Active
A96: 95 | B96: Link shifting | C96: MEGATEL NETWORKS PVT LTD | D96: 1024 | E96: Airtel | F96: P2P | G96: Mumbai | H96: JALNA | I96: MUM/OIS/901 | J96: JLN/PNR/012 | K96: MUM/XVS/901 | L96: JLN/PNR/012 | N96: 45136 | O96: 18026332 | P96: 4539046 | Q96: MUM_OIS_901_27AC_B_CNCS540R1226 - TenGigE0/0/0/21.508 | R96: JLN/PNR/012 JLN_BCLMH_PNR_P_E57992 TS2-2[req otgbe] | U96: NA | V96: NA | W96: NA | X96: NA | Y96: NA | Z96: NA | AA96: GTPL_ARG_11222 | AB96: 14330951 | AD96: cancel by customer
A97: 96 | B97: Link shifting | C97: MEGATEL NETWORKS PVT LTD | D97: 700 | E97: Airtel | F97: P2P | G97: MUMBAI | H97: Jabalpur | I97: MUM/OIS/901 | J97: JBL/JKC/901 | K97: MUM/XVS/901 | L97: JBL/JKC/901 | N97: 45136 | O97: 18026341 | P97: 4539045 | Q97: MUM_OIS_901_27AC_B_CNCS540R1226 - TenGigE0/0/0/21.520 | R97: JBL/JKC/901 - JBL_JKC_901_N1202_T TS4-1 OTGBE REQ | S97: MUM_XVS_901_28AC_B_CNCS540R1374#sh run int Te0/0/0/5.1715 | T97: JBL_JKC_901_N1201_T TS3-2 REQ OTGBE SFP | U97: NA | V97: NA | W97: NA | X97: NA | Y97: NA | Z97: NA | AA97: GTPL_JBL_11302 | AB97: 14401530 | AC97: 14482714 | AD97: Active
A98: 97 | B98: Link shifting | C98: MEGATEL NETWORKS PVT LTD | D98: 500 | E98: Airtel | F98: P2P | G98: Mumbai | H98: Botad | I98: MUM/OIS/901 | J98: BTQ/ABD/003 | K98: MUM/XVS/901 | L98: BTQ/ABD/003 | N98: 45136 | O98: 18026406 | P98: 4577821 | Q98: MUM_OIS_901_27AC_B_CNCS540R1226#show run int TenGigE0/0/0/21 -- 511 | R98: BTQ_BCLGJ_ABD_P_E56056 TS2-4 REQ OTGBE | S98: MUM_XVS_901_28AC_B_CNCS540R1374#sh run int TenGigE0/0/0/5.1703 | T98: BTQ/ABD/003 BTQ_BCLGJ_ABD_P_E56056 TS2-4 REQ OTGBE | U98: NA | V98: NA | W98: NA | X98: NA | Y98: NA | Z98: NA | AA98: GTPL_BTD_11262 | AB98: 14382943 | AC98: 14577035 | AD98: Active
A99: 98 | B99: Link shifting | C99: MEGATEL NETWORKS PVT LTD | D99: 700 | E99: Airtel | F99: P2P | G99: Mumbai | H99: Mhowgoan | I99: MUM/OIS/901 | J99: IND/NCY/017 | K99: MUM/XVS/901 | L99: IND/NCY/017 | N99: 45136 | O99: 18026413 | P99: 4539043 | Q99: MUM_OIS_901_27AC_B_CNCS540R1226 - Te0/0/0/21.1000 | R99: IND/NCY/017 - IND_BCLMP_NCY_P_E62185 XSA-port 4[otgbe req] | S99: MUM_XVS_901_28AC_B_CNCS540R1374#sh run int TenGigE0/0/0/5.1712 | T99: IND/NCY/017 IND_BCLMP_NCY_P_E62185 TS1-1 OTGBE AVAL | U99: NA | V99: NA | W99: NA | X99: NA | Y99: NA | Z99: NA | AA99: GTPL_IND_11241 | AB99: 14351766 | AC99: 14482738 | AD99: Active
A100: 99 | B100: Link shifting | C100: MEGATEL NETWORKS PVT LTD | D100: 150 | E100: Airtel | F100: P2P | G100: MUMBAI | H100: Nasik | I100: MUM/OIS/901 | J100: NST/VMT/109 | K100: MUM/XVS/901 | L100: NST/VMT/109 | N100: 45136 | O100: 18026420 | P100: 4539033 | Q100: MUM_OIS_901_27AC_B_CNCS540R1226 - Te0/0/0/21.515 | R100: NST/VMT/109 NST-BCLMH-VMT-T5-ER42.221 PORT 9 REQ OTGBE | S100: MUM_XVS_901_28AC_B_CNCS540R1374#sh run int TenGigE0/0/0/5.1711 | T100: NST-BCLMH-VMT-T5-ER42.221 (100.73.42.221) Gig OpticalBS_PORT 10 | U100: NA | V100: NA | W100: NA | X100: NA | Y100: NA | Z100: NA | AA100: GTPL_NSK_11225 | AB100: 14388033 | AC100: 14482741 | AD100: Active
...

Sheet Lookup-Sheet
A1: Status | B1: BW | C1: CRQ | D1: AIRTEL Circuit ID | E1: Customer Name | F1: Location From | G1: Location To | H1: END A BTS ID | I1: END B BTS ID | J1: END A Port | K1: END B Port | L1: Provider | M1: Services
A2: =IF(OR(_xlfn.SINGLE('Lookup-Sheet'!$D:D) = "", ISNUMBER(SEARCH("CRQ",_xlfn.SINGLE(D:D )))), "",IFERROR(IFERROR(INDEX(B2B!$1:$1048576,MATCH(_xlfn.SINGLE('Lookup-Sheet'!$D:$D),B2B!$AD:$AD,0),MATCH(_xlfn.SINGLE('Lookup-Sheet'!$A$1:$M$1),B2B!$A$1:$AK$1,0)),INDEX('Link Shifting'!$1:$1048576,MATCH(_xlfn.SINGLE('Lookup-Sheet'!$D:$D),'Link Shifting'!$AC:$AC,0),MATCH(_xlfn.SINGLE('Lookup-Sheet'!$A$1:$M$1),'Link Shifting'!$A$1:$AD$1,0))), "No Data Found")) | B2: =IF(OR(_xlfn.SINGLE('Lookup-Sheet'!$D:D) = "", ISNUMBER(SEARCH("CRQ",_xlfn.SINGLE(D:D )))), "",IFERROR(IFERROR(INDEX(B2B!$1:$1048576,MATCH(_xlfn.SINGLE('Lookup-Sheet'!$D:$D),B2B!$AD:$AD,0),MATCH(_xlfn.SINGLE('Lookup-Sheet'!$A$1:$M$1),B2B!$A$1:$AK$1,0)),INDEX('Link Shifting'!$1:$1048576,MATCH(_xlfn.SINGLE('Lookup-Sheet'!$D:$D),'Link Shifting'!$AC:$AC,0),MATCH(_xlfn.SINGLE('Lookup-Sheet'!$A$1:$M$1),'Link Shifting'!$A$1:$AD$1,0))), "No Data Found")) | C2: =IF(D:D="","",IF(ISNUMBER(SEARCH("CRQ",D:D)),D:D,C1)) -> CRQ: 1100195255 (14-JAN) | D2: CRQ: 1100195255 (14-JAN) | E2: =IF(OR(_xlfn.SINGLE('Lookup-Sheet'!$D:D) = "", ISNUMBER(SEARCH("CRQ",_xlfn.SINGLE(D:D )))), "",IFERROR(IFERROR(INDEX(B2B!$1:$1048576,MATCH(_xlfn.SINGLE('Lookup-Sheet'!$D:$D),B2B!$AD:$AD,0),MATCH(_xlfn.SINGLE('Lookup-Sheet'!$A$1:$M$1),B2B!$A$1:$AK$1,0)),INDEX('Link Shifting'!$1:$1048576,MATCH(_xlfn.SINGLE('Lookup-Sheet'!$D:$D),'Link Shifting'!$AC:$AC,0),MATCH(_xlfn.SINGLE('Lookup-Sheet'!$A$1:$M$1),'Link Shifting'!$A$1:$AD$1,0))), "No Data Found")) | F2: =IF(OR(_xlfn.SINGLE('Lookup-Sheet'!$D:D) = "", ISNUMBER(SEARCH("CRQ",_xlfn.SINGLE(D:D )))), "",IFERROR(IFERROR(INDEX(B2B!$1:$1048576,MATCH(_xlfn.SINGLE('Lookup-Sheet'!$D:$D),B2B!$AD:$AD,0),MATCH(_xlfn.SINGLE('Lookup-Sheet'!$A$1:$M$1),B2B!$A$1:$AK$1,0)),INDEX('Link Shifting'!$1:$1048576,MATCH(_xlfn.SINGLE('Lookup-Sheet'!$D:$D),'Link Shifting'!$AC:$AC,0),MATCH(_xlfn.SINGLE('Lookup-Sheet'!$A$1:$M$1),'Link Shifting'!$A$1:$AD$1,0))), "No Data Found")) | G2: =IF(OR(_xlfn.SINGLE('Lookup-Sheet'!$D:D) = "", ISNUMBER(SEARCH("CRQ",_xlfn.SINGLE(D:D )))), "",IFERROR(IFERROR(INDEX(B2B!$1:$1048576,MATCH(_xlfn.SINGLE('Lookup-Sheet'!$D:$D),B2B!$AD:$AD,0),MATCH(_xlfn.SINGLE('Lookup-Sheet'!$A$1:$M$1),B2B!$A$1:$AK$1,0)),INDEX('Link Shifting'!$1:$1048576,MATCH(_xlfn.SINGLE('Lookup-Sheet'!$D:$D),'Link Shifting'!$AC:$AC,0),MATCH(_xlfn.SINGLE('Lookup-Sheet'!$A$1:$M$1),'Link Shifting'!$A$1:$AD$1,0))), "No Data Found")) | H2: =IF(OR(_xlfn.SINGLE('Lookup-Sheet'!$D:D) = "", ISNUMBER(SEARCH("CRQ",_xlfn.SINGLE(D:D )))), "",IFERROR(IFERROR(INDEX(B2B!$1:$1048576,MATCH(_xlfn.SINGLE('Lookup-Sheet'!$D:$D),B2B!$AD:$AD,0),MATCH(_xlfn.SINGLE('Lookup-Sheet'!$A$1:$M$1),B2B!$A$1:$AK$1,0)),INDEX('Link Shifting'!$1:$1048576,MATCH(_xlfn.SINGLE('Lookup-Sheet'!$D:$D),'Link Shifting'!$AC:$AC,0),MATCH(_xlfn.SINGLE('Lookup-Sheet'!$A$1:$M$1),'Link Shifting'!$A$1:$AD$1,0))), "No Data Found")) | I2: =IF(OR(_xlfn.SINGLE('Lookup-Sheet'!$D:D) = "", ISNUMBER(SEARCH("CRQ",_xlfn.SINGLE(D:D )))), "",IFERROR(IFERROR(INDEX(B2B!$1:$1048576,MATCH(_xlfn.SINGLE('Lookup-Sheet'!$D:$D),B2B!$AD:$AD,0),MATCH(_xlfn.SINGLE('Lookup-Sheet'!$A$1:$M$1),B2B!$A$1:$AK$1,0)),INDEX('Link Shifting'!$1:$1048576,MATCH(_xlfn.SINGLE('Lookup-Sheet'!$D:$D),'Link Shifting'!$AC:$AC,0),MATCH(_xlfn.SINGLE('Lookup-Sheet'!$A$1:$M$1),'Link Shifting'!$A$1:$AD$1,0))), "No Data Found")) | J2: =IF(OR(_xlfn.SINGLE('Lookup-Sheet'!$D:D) = "", ISNUMBER(SEARCH("CRQ",_xlfn.SINGLE(D:D )))), "",IFERROR(IFERROR(INDEX(B2B!$1:$1048576,MATCH(_xlfn.SINGLE('Lookup-Sheet'!$D:$D),B2B!$AD:$AD,0),MATCH(_xlfn.SINGLE('Lookup-Sheet'!$A$1:$M$1),B2B!$A$1:$AK$1,0)),INDEX('Link Shifting'!$1:$1048576,MATCH(_xlfn.SINGLE('Lookup-Sheet'!$D:$D),'Link Shifting'!$AC:$AC,0),MATCH(_xlfn.SINGLE('Lookup-Sheet'!$A$1:$M$1),'Link Shifting'!$A$1:$AD$1,0))), "No Data Found")) | K2: =IF(OR(_xlfn.SINGLE('Lookup-Sheet'!$D:D) = "", ISNUMBER(SEARCH("CRQ",_xlfn.SINGLE(D:D )))), "",IFERROR(IFERROR(INDEX(B2B!$1:$1048576,MATCH(_xlfn.SINGLE('Lookup-Sheet'!$D:$D),B2B!$AD:$AD,0),MATCH(_xlfn.SINGLE('Lookup-Sheet'!$A$1:$M$1),B2B!$A$1:$AK$1,0)),INDEX('Link Shifting'!$1:$1048576,MATCH(_xlfn.SINGLE('Lookup-Sheet'!$D:$D),'Link Shifting'!$AC:$AC,0),MATCH(_xlfn.SINGLE('Lookup-Sheet'!$A$1:$M$1),'Link Shifting'!$A$1:$AD$1,0))), "No Data Found")) | L2: =IF(OR(_xlfn.SINGLE('Lookup-Sheet'!$D:D) = "", ISNUMBER(SEARCH("CRQ",_xlfn.SINGLE(D:D )))), "",IFERROR(IFERROR(INDEX(B2B!$1:$1048576,MATCH(_xlfn.SINGLE('Lookup-Sheet'!$D:$D),B2B!$AD:$AD,0),MATCH(_xlfn.SINGLE('Lookup-Sheet'!$A$1:$M$1),B2B!$A$1:$AK$1,0)),INDEX('Link Shifting'!$1:$1048576,MATCH(_xlfn.SINGLE('Lookup-Sheet'!$D:$D),'Link Shifting'!$AC:$AC,0),MATCH(_xlfn.SINGLE('Lookup-Sheet'!$A$1:$M$1),'Link Shifting'!$A$1:$AD$1,0))), "No Data Found")) | M2: =IF(OR(_xlfn.SINGLE('Lookup-Sheet'!$D:D) = "", ISNUMBER(SEARCH("CRQ",_xlfn.SINGLE(D:D )))), "",IFERROR(IFERROR(INDEX(B2B!$1:$1048576,MATCH(_xlfn.SINGLE('Lookup-Sheet'!$D:$D),B2B!$AD:$AD,0),MATCH(_xlfn.SINGLE('Lookup-Sheet'!$A$1:$M$1),B2B!$A$1:$AK$1,0)),INDEX('Link Shifting'!$1:$1048576,MATCH(_xlfn.SINGLE('Lookup-Sheet'!$D:$D),'Link Shifting'!$AC:$AC,0),MATCH(_xlfn.SINGLE('Lookup-Sheet'!$A$1:$M$1),'Link Shifting'!$A$1:$AD$1,0))), "No Data Found"))
A3: =IF(OR(_xlfn.SINGLE('Lookup-Sheet'!$D:D) = "", ISNUMBER(SEARCH("CRQ",_xlfn.SINGLE(D:D )))), "",IFERROR(IFERROR(INDEX(B2B!$1:$1048576,MATCH(_xlfn.SINGLE('Lookup-Sheet'!$D:$D),B2B!$AD:$AD,0),MATCH(_xlfn.SINGLE('Lookup-Sheet'!$A$1:$M$1),B2B!$A$1:$AK$1,0)),INDEX('Link Shifting'!$1:$1048576,MATCH(_xlfn.SINGLE('Lookup-Sheet'!$D:$D),'Link Shifting'!$AC:$AC,0),MATCH(_xlfn.SINGLE('Lookup-Sheet'!$A$1:$M$1),'Link Shifting'!$A$1:$AD$1,0))), "No Data Found")) -> Active | B3: =IF(OR(_xlfn.SINGLE('Lookup-Sheet'!$D:D) = "", ISNUMBER(SEARCH("CRQ",_xlfn.SINGLE(D:D )))), "",IFERROR(IFERROR(INDEX(B2B!$1:$1048576,MATCH(_xlfn.SINGLE('Lookup-Sheet'!$D:$D),B2B!$AD:$AD,0),MATCH(_xlfn.SINGLE('Lookup-Sheet'!$A$1:$M$1),B2B!$A$1:$AK$1,0)),INDEX('Link Shifting'!$1:$1048576,MATCH(_xlfn.SINGLE('Lookup-Sheet'!$D:$D),'Link Shifting'!$AC:$AC,0),MATCH(_xlfn.SINGLE('Lookup-Sheet'!$A$1:$M$1),'Link Shifting'!$A$1:$AD$1,0))), "No Data Found")) -> 512 | C3: =IF(D:D="","",IF(ISNUMBER(SEARCH("CRQ",D:D)),D:D,C2)) -> CRQ: 1100195255 (14-JAN) | D3: 14306424 | E3: =IF(OR(_xlfn.SINGLE('Lookup-Sheet'!$D:D) = "", ISNUMBER(SEARCH("CRQ",_xlfn.SINGLE(D:D )))), "",IFERROR(IFERROR(INDEX(B2B!$1:$1048576,MATCH(_xlfn.SINGLE('Lookup-Sheet'!$D:$D),B2B!$AD:$AD,0),MATCH(_xlfn.SINGLE('Lookup-Sheet'!$A$1:$M$1),B2B!$A$1:$AK$1,0)),INDEX('Link Shifting'!$1:$1048576,MATCH(_xlfn.SINGLE('Lookup-Sheet'!$D:$D),'Link Shifting'!$AC:$AC,0),MATCH(_xlfn.SINGLE('Lookup-Sheet'!$A$1:$M$1),'Link Shifting'!$A$1:$AD$1,0))), "No Data Found")) -> Vision Hi-Speed Technology Pvt. Ltd | F3: =IF(OR(_xlfn.SINGLE('Lookup-Sheet'!$D:D) = "", ISNUMBER(SEARCH("CRQ",_xlfn.SINGLE(D:D )))), "",IFERROR(IFERROR(INDEX(B2B!$1:$1048576,MATCH(_xlfn.SINGLE('Lookup-Sheet'!$D:$D),B2B!$AD:$AD,0),MATCH(_xlfn.SINGLE('Lookup-Sheet'!$A$1:$M$1),B2B!$A$1:$AK$1,0)),INDEX('Link Shifting'!$1:$1048576,MATCH(_xlfn.SINGLE('Lookup-Sheet'!$D:$D),'Link Shifting'!$AC:$AC,0),MATCH(_xlfn.SINGLE('Lookup-Sheet'!$A$1:$M$1),'Link Shifting'!$A$1:$AD$1,0))), "No Data Found")) -> NA | G3: =IF(OR(_xlfn.SINGLE('Lookup-Sheet'!$D:D) = "", ISNUMBER(SEARCH("CRQ",_xlfn.SINGLE(D:D )))), "",IFERROR(IFERROR(INDEX(B2B!$1:$1048576,MATCH(_xlfn.SINGLE('Lookup-Sheet'!$D:$D),B2B!$AD:$AD,0),MATCH(_xlfn.SINGLE('Lookup-Sheet'!$A$1:$M$1),B2B!$A$1:$AK$1,0)),INDEX('Link Shifting'!$1:$1048576,MATCH(_xlfn.SINGLE('Lookup-Sheet'!$D:$D),'Link Shifting'!$AC:$AC,0),MATCH(_xlfn.SINGLE('Lookup-Sheet'!$A$1:$M$1),'Link Shifting'!$A$1:$AD$1,0))), "No Data Found")) -> Rajkot | H3: =IF(OR(_xlfn.SINGLE('Lookup-Sheet'!$D:D) = "", ISNUMBER(SEARCH("CRQ",_xlfn.SINGLE(D:D )))), "",IFERROR(IFERROR(INDEX(B2B!$1:$1048576,MATCH(_xlfn.SINGLE('Lookup-Sheet'!$D:$D),B2B!$AD:$AD,0),MATCH(_xlfn.SINGLE('Lookup-Sheet'!$A$1:$M$1),B2B!$A$1:$AK$1,0)),INDEX('Link Shifting'!$1:$1048576,MATCH(_xlfn.SINGLE('Lookup-Sheet'!$D:$D),'Link Shifting'!$AC:$AC,0),MATCH(_xlfn.SINGLE('Lookup-Sheet'!$A$1:$M$1),'Link Shifting'!$A$1:$AD$1,0))), "No Data Found")) -> NA | I3: =IF(OR(_xlfn.SINGLE('Lookup-Sheet'!$D:D) = "", ISNUMBER(SEARCH("CRQ",_xlfn.SINGLE(D:D )))), "",IFERROR(IFERROR(INDEX(B2B!$1:$1048576,MATCH(_xlfn.SINGLE('Lookup-Sheet'!$D:$D),B2B!$AD:$AD,0),MATCH(_xlfn.SINGLE('Lookup-Sheet'!$A$1:$M$1),B2B!$A$1:$AK$1,0)),INDEX('Link Shifting'!$1:$1048576,MATCH(_xlfn.SINGLE('Lookup-Sheet'!$D:$D),'Link Shifting'!$AC:$AC,0),MATCH(_xlfn.SINGLE('Lookup-Sheet'!$A$1:$M$1),'Link Shifting'!$A$1:$AD$1,0))), "No Data Found")) -> RKT/RPI/050 | J3: =IF(OR(_xlfn.SINGLE('Lookup-Sheet'!$D:D) = "", ISNUMBER(SEARCH("CRQ",_xlfn.SINGLE(D:D )))), "",IFERROR(IFERROR(INDEX(B2B!$1:$1048576,MATCH(_xlfn.SINGLE('Lookup-Sheet'!$D:$D),B2B!$AD:$AD,0),MATCH(_xlfn.SINGLE('Lookup-Sheet'!$A$1:$M$1),B2B!$A$1:$AK$1,0)),INDEX('Link Shifting'!$1:$1048576,MATCH(_xlfn.SINGLE('Lookup-Sheet'!$D:$D),'Link Shifting'!$AC:$AC,0),MATCH(_xlfn.SINGLE('Lookup-Sheet'!$A$1:$M$1),'Link Shifting'!$A$1:$AD$1,0))), "No Data Found")) -> NA | K3: =IF(OR(_xlfn.SINGLE('Lookup-Sheet'!$D:D) = "", ISNUMBER(SEARCH("CRQ",_xlfn.SINGLE(D:D )))), "",IFERROR(IFERROR(INDEX(B2B!$1:$1048576,MATCH(_xlfn.SINGLE('Lookup-Sheet'!$D:$D),B2B!$AD:$AD,0),MATCH(_xlfn.SINGLE('Lookup-Sheet'!$A$1:$M$1),B2B!$A$1:$AK$1,0)),INDEX('Link Shifting'!$1:$1048576,MATCH(_xlfn.SINGLE('Lookup-Sheet'!$D:$D),'Link Shifting'!$AC:$AC,0),MATCH(_xlfn.SINGLE('Lookup-Sheet'!$A$1:$M$1),'Link Shifting'!$A$1:$AD$1,0))), "No Data Found")) -> RKT-BCLGJ-RPI-T5-ER18.86 TS2-1 | L3: =IF(OR(_xlfn.SINGLE('Lookup-Sheet'!$D:D) = "", ISNUMBER(SEARCH("CRQ",_xlfn.SINGLE(D:D )))), "",IFERROR(IFERROR(INDEX(B2B!$1:$1048576,MATCH(_xlfn.SINGLE('Lookup-Sheet'!$D:$D),B2B!$AD:$AD,0),MATCH(_xlfn.SINGLE('Lookup-Sheet'!$A$1:$M$1),B2B!$A$1:$AK$1,0)),INDEX('Link Shifting'!$1:$1048576,MATCH(_xlfn.SINGLE('Lookup-Sheet'!$D:$D),'Link Shifting'!$AC:$AC,0),MATCH(_xlfn.SINGLE('Lookup-Sheet'!$A$1:$M$1),'Link Shifting'!$A$1:$AD$1,0))), "No Data Found")) -> Airtel | M3: =IF(OR(_xlfn.SINGLE('Lookup-Sheet'!$D:D) = "", ISNUMBER(SEARCH("CRQ",_xlfn.SINGLE(D:D )))), "",IFERROR(IFERROR(INDEX(B2B!$1:$1048576,MATCH(_xlfn.SINGLE('Lookup-Sheet'!$D:$D),B2B!$AD:$AD,0),MATCH(_xlfn.SINGLE('Lookup-Sheet'!$A$1:$M$1),B2B!$A$1:$AK$1,0)),INDEX('Link Shifting'!$1:$1048576,MATCH(_xlfn.SINGLE('Lookup-Sheet'!$D:$D),'Link Shifting'!$AC:$AC,0),MATCH(_xlfn.SINGLE('Lookup-Sheet'!$A$1:$M$1),'Link Shifting'!$A$1:$AD$1,0))), "No Data Found")) -> ILL
A4: =IF(OR(_xlfn.SINGLE('Lookup-Sheet'!$D:D) = "", ISNUMBER(SEARCH("CRQ",_xlfn.SINGLE(D:D )))), "",IFERROR(IFERROR(INDEX(B2B!$1:$1048576,MATCH(_xlfn.SINGLE('Lookup-Sheet'!$D:$D),B2B!$AD:$AD,0),MATCH(_xlfn.SINGLE('Lookup-Sheet'!$A$1:$M$1),B2B!$A$1:$AK$1,0)),INDEX('Link Shifting'!$1:$1048576,MATCH(_xlfn.SINGLE('Lookup-Sheet'!$D:$D),'Link Shifting'!$AC:$AC,0),MATCH(_xlfn.SINGLE('Lookup-Sheet'!$A$1:$M$1),'Link Shifting'!$A$1:$AD$1,0))), "No Data Found")) -> Active | B4: =IF(OR(_xlfn.SINGLE('Lookup-Sheet'!$D:D) = "", ISNUMBER(SEARCH("CRQ",_xlfn.SINGLE(D:D )))), "",IFERROR(IFERROR(INDEX(B2B!$1:$1048576,MATCH(_xlfn.SINGLE('Lookup-Sheet'!$D:$D),B2B!$AD:$AD,0),MATCH(_xlfn.SINGLE('Lookup-Sheet'!$A$1:$M$1),B2B!$A$1:$AK$1,0)),INDEX('Link Shifting'!$1:$1048576,MATCH(_xlfn.SINGLE('Lookup-Sheet'!$D:$D),'Link Shifting'!$AC:$AC,0),MATCH(_xlfn.SINGLE('Lookup-Sheet'!$A$1:$M$1),'Link Shifting'!$A$1:$AD$1,0))), "No Data Found")) -> 300 | C4: =IF(D:D="","",IF(ISNUMBER(SEARCH("CRQ",D:D)),D:D,C3)) -> CRQ: 1100195255 (14-JAN) | D4: 14030127 | E4: =IF(OR(_xlfn.SINGLE('Lookup-Sheet'!$D:D) = "", ISNUMBER(SEARCH("CRQ",_xlfn.SINGLE(D:D )))), "",IFERROR(IFERROR(INDEX(B2B!$1:$1048576,MATCH(_xlfn.SINGLE('Lookup-Sheet'!$D:$D),B2B!$AD:$AD,0),MATCH(_xlfn.SINGLE('Lookup-Sheet'!$A$1:$M$1),B2B!$A$1:$AK$1,0)),INDEX('Link Shifting'!$1:$1048576,MATCH(_xlfn.SINGLE('Lookup-Sheet'!$D:$D),'Link Shifting'!$AC:$AC,0),MATCH(_xlfn.SINGLE('Lookup-Sheet'!$A$1:$M$1),'Link Shifting'!$A$1:$AD$1,0))), "No Data Found")) -> SKYONLINE TECHNOSYSTEM PRIVATE LIMITED | F4: =IF(OR(_xlfn.SINGLE('Lookup-Sheet'!$D:D) = "", ISNUMBER(SEARCH("CRQ",_xlfn.SINGLE(D:D )))), "",IFERROR(IFERROR(INDEX(B2B!$1:$1048576,MATCH(_xlfn.SINGLE('Lookup-Sheet'!$D:$D),B2B!$AD:$AD,0),MATCH(_xlfn.SINGLE('Lookup-Sheet'!$A$1:$M$1),B2B!$A$1:$AK$1,0)),INDEX('Link Shifting'!$1:$1048576,MATCH(_xlfn.SINGLE('Lookup-Sheet'!$D:$D),'Link Shifting'!$AC:$AC,0),MATCH(_xlfn.SINGLE('Lookup-Sheet'!$A$1:$M$1),'Link Shifting'!$A$1:$AD$1,0))), "No Data Found")) -> NA | G4: =IF(OR(_xlfn.SINGLE('Lookup-Sheet'!$D:D) = "", ISNUMBER(SEARCH("CRQ",_xlfn.SINGLE(D:D )))), "",IFERROR(IFERROR(INDEX(B2B!$1:$1048576,MATCH(_xlfn.SINGLE('Lookup-Sheet'!$D:$D),B2B!$AD:$AD,0),MATCH(_xlfn.SINGLE('Lookup-Sheet'!$A$1:$M$1),B2B!$A$1:$AK$1,0)),INDEX('Link Shifting'!$1:$1048576,MATCH(_xlfn.SINGLE('Lookup-Sheet'!$D:$D),'Link Shifting'!$AC:$AC,0),MATCH(_xlfn.SINGLE('Lookup-Sheet'!$A$1:$M$1),'Link Shifting'!$A$1:$AD$1,0))), "No Data Found")) -> Rajkot | H4: =IF(OR(_xlfn.SINGLE('Lookup-Sheet'!$D:D) = "", ISNUMBER(SEARCH("CRQ",_xlfn.SINGLE(D:D )))), "",IFERROR(IFERROR(INDEX(B2B!$1:$1048576,MATCH(_xlfn.SINGLE('Lookup-Sheet'!$D:$D),B2B!$AD:$AD,0),MATCH(_xlfn.SINGLE('Lookup-Sheet'!$A$1:$M$1),B2B!$A$1:$AK$1,0)),INDEX('Link Shifting'!$1:$1048576,MATCH(_xlfn.SINGLE('Lookup-Sheet'!$D:$D),'Link Shifting'!$AC:$AC,0),MATCH(_xlfn.SINGLE('Lookup-Sheet'!$A$1:$M$1),'Link Shifting'!$A$1:$AD$1,0))), "No Data Found")) -> NA | I4: =IF(OR(_xlfn.SINGLE('Lookup-Sheet'!$D:D) = "", ISNUMBER(SEARCH("CRQ",_xlfn.SINGLE(D:D )))), "",IFERROR(IFERROR(INDEX(B2B!$1:$1048576,MATCH(_xlfn.SINGLE('Lookup-Sheet'!$D:$D),B2B!$AD:$AD,0),MATCH(_xlfn.SINGLE('Lookup-Sheet'!$A$1:$M$1),B2B!$A$1:$AK$1,0)),INDEX('Link Shifting'!$1:$1048576,MATCH(_xlfn.SINGLE('Lookup-Sheet'!$D:$D),'Link Shifting'!$AC:$AC,0),MATCH(_xlfn.SINGLE('Lookup-Sheet'!$A$1:$M$1),'Link Shifting'!$A$1:$AD$1,0))), "No Data Found")) -> RKT/SSN/063 | J4: =IF(OR(_xlfn.SINGLE('Lookup-Sheet'!$D:D) = "", ISNUMBER(SEARCH("CRQ",_xlfn.SINGLE(D:D )))), "",IFERROR(IFERROR(INDEX(B2B!$1:$1048576,MATCH(_xlfn.SINGLE('Lookup-Sheet'!$D:$D),B2B!$AD:$AD,0),MATCH(_xlfn.SINGLE('Lookup-Sheet'!$A$1:$M$1),B2B!$A$1:$AK$1,0)),INDEX('Link Shifting'!$1:$1048576,MATCH(_xlfn.SINGLE('Lookup-Sheet'!$D:$D),'Link Shifting'!$AC:$AC,0),MATCH(_xlfn.SINGLE('Lookup-Sheet'!$A$1:$M$1),'Link Shifting'!$A$1:$AD$1,0))), "No Data Found")) -> NA | K4: =IF(OR(_xlfn.SINGLE('Lookup-Sheet'!$D:D) = "", ISNUMBER(SEARCH("CRQ",_xlfn.SINGLE(D:D )))), "",IFERROR(IFERROR(INDEX(B2B!$1:$1048576,MATCH(_xlfn.SINGLE('Lookup-Sheet'!$D:$D),B2B!$AD:$AD,0),MATCH(_xlfn.SINGLE('Lookup-Sheet'!$A$1:$M$1),B2B!$A$1:$AK$1,0)),INDEX('Link Shifting'!$1:$1048576,MATCH(_xlfn.SINGLE('Lookup-Sheet'!$D:$D),'Link Shifting'!$AC:$AC,0),MATCH(_xlfn.SINGLE('Lookup-Sheet'!$A$1:$M$1),'Link Shifting'!$A$1:$AD$1,0))), "No Data Found")) -> RKT_BCLGJ_SSN_P_E56776 TS7-4 | L4: =IF(OR(_xlfn.SINGLE('Lookup-Sheet'!$D:D) = "", ISNUMBER(SEARCH("CRQ",_xlfn.SINGLE(D:D )))), "",IFERROR(IFERROR(INDEX(B2B!$1:$1048576,MATCH(_xlfn.SINGLE('Lookup-Sheet'!$D:$D),B2B!$AD:$AD,0),MATCH(_xlfn.SINGLE('Lookup-Sheet'!$A$1:$M$1),B2B!$A$1:$AK$1,0)),INDEX('Link Shifting'!$1:$1048576,MATCH(_xlfn.SINGLE('Lookup-Sheet'!$D:$D),'Link Shifting'!$AC:$AC,0),MATCH(_xlfn.SINGLE('Lookup-Sheet'!$A$1:$M$1),'Link Shifting'!$A$1:$AD$1,0))), "No Data Found")) -> Airtel | M4: =IF(OR(_xlfn.SINGLE('Lookup-Sheet'!$D:D) = "", ISNUMBER(SEARCH("CRQ",_xlfn.SINGLE(D:D )))), "",IFERROR(IFERROR(INDEX(B2B!$1:$1048576,MATCH(_xlfn.SINGLE('Lookup-Sheet'!$D:$D),B2B!$AD:$AD,0),MATCH(_xlfn.SINGLE('Lookup-Sheet'!$A$1:$M$1),B2B!$A$1:$AK$1,0)),INDEX('Link Shifting'!$1:$1048576,MATCH(_xlfn.SINGLE('Lookup-Sheet'!$D:$D),'Link Shifting'!$AC:$AC,0),MATCH(_xlfn.SINGLE('Lookup-Sheet'!$A$1:$M$1),'Link Shifting'!$A$1:$AD$1,0))), "No Data Found")) -> ILL
A5: =IF(OR(_xlfn.SINGLE('Lookup-Sheet'!$D:D) = "", ISNUMBER(SEARCH("CRQ",_xlfn.SINGLE(D:D )))), "",IFERROR(IFERROR(INDEX(B2B!$1:$1048576,MATCH(_xlfn.SINGLE('Lookup-Sheet'!$D:$D),B2B!$AD:$AD,0),MATCH(_xlfn.SINGLE('Lookup-Sheet'!$A$1:$M$1),B2B!$A$1:$AK$1,0)),INDEX('Link Shifting'!$1:$1048576,MATCH(_xlfn.SINGLE('Lookup-Sheet'!$D:$D),'Link Shifting'!$AC:$AC,0),MATCH(_xlfn.SINGLE('Lookup-Sheet'!$A$1:$M$1),'Link Shifting'!$A$1:$AD$1,0))), "No Data Found")) | B5: =IF(OR(_xlfn.SINGLE('Lookup-Sheet'!$D:D) = "", ISNUMBER(SEARCH("CRQ",_xlfn.SINGLE(D:D )))), "",IFERROR(IFERROR(INDEX(B2B!$1:$1048576,MATCH(_xlfn.SINGLE('Lookup-Sheet'!$D:$D),B2B!$AD:$AD,0),MATCH(_xlfn.SINGLE('Lookup-Sheet'!$A$1:$M$1),B2B!$A$1:$AK$1,0)),INDEX('Link Shifting'!$1:$1048576,MATCH(_xlfn.SINGLE('Lookup-Sheet'!$D:$D),'Link Shifting'!$AC:$AC,0),MATCH(_xlfn.SINGLE('Lookup-Sheet'!$A$1:$M$1),'Link Shifting'!$A$1:$AD$1,0))), "No Data Found")) | C5: =IF(D:D="","",IF(ISNUMBER(SEARCH("CRQ",D:D)),D:D,C4)) | E5: =IF(OR(_xlfn.SINGLE('Lookup-Sheet'!$D:D) = "", ISNUMBER(SEARCH("CRQ",_xlfn.SINGLE(D:D )))), "",IFERROR(IFERROR(INDEX(B2B!$1:$1048576,MATCH(_xlfn.SINGLE('Lookup-Sheet'!$D:$D),B2B!$AD:$AD,0),MATCH(_xlfn.SINGLE('Lookup-Sheet'!$A$1:$M$1),B2B!$A$1:$AK$1,0)),INDEX('Link Shifting'!$1:$1048576,MATCH(_xlfn.SINGLE('Lookup-Sheet'!$D:$D),'Link Shifting'!$AC:$AC,0),MATCH(_xlfn.SINGLE('Lookup-Sheet'!$A$1:$M$1),'Link Shifting'!$A$1:$AD$1,0))), "No Data Found")) | F5: =IF(OR(_xlfn.SINGLE('Lookup-Sheet'!$D:D) = "", ISNUMBER(SEARCH("CRQ",_xlfn.SINGLE(D:D )))), "",IFERROR(IFERROR(INDEX(B2B!$1:$1048576,MATCH(_xlfn.SINGLE('Lookup-Sheet'!$D:$D),B2B!$AD:$AD,0),MATCH(_xlfn.SINGLE('Lookup-Sheet'!$A$1:$M$1),B2B!$A$1:$AK$1,0)),INDEX('Link Shifting'!$1:$1048576,MATCH(_xlfn.SINGLE('Lookup-Sheet'!$D:$D),'Link Shifting'!$AC:$AC,0),MATCH(_xlfn.SINGLE('Lookup-Sheet'!$A$1:$M$1),'Link Shifting'!$A$1:$AD$1,0))), "No Data Found")) | G5: =IF(OR(_xlfn.SINGLE('Lookup-Sheet'!$D:D) = "", ISNUMBER(SEARCH("CRQ",_xlfn.SINGLE(D:D )))), "",IFERROR(IFERROR(INDEX(B2B!$1:$1048576,MATCH(_xlfn.SINGLE('Lookup-Sheet'!$D:$D),B2B!$AD:$AD,0),MATCH(_xlfn.SINGLE('Lookup-Sheet'!$A$1:$M$1),B2B!$A$1:$AK$1,0)),INDEX('Link Shifting'!$1:$1048576,MATCH(_xlfn.SINGLE('Lookup-Sheet'!$D:$D),'Link Shifting'!$AC:$AC,0),MATCH(_xlfn.SINGLE('Lookup-Sheet'!$A$1:$M$1),'Link Shifting'!$A$1:$AD$1,0))), "No Data Found")) | H5: =IF(OR(_xlfn.SINGLE('Lookup-Sheet'!$D:D) = "", ISNUMBER(SEARCH("CRQ",_xlfn.SINGLE(D:D )))), "",IFERROR(IFERROR(INDEX(B2B!$1:$1048576,MATCH(_xlfn.SINGLE('Lookup-Sheet'!$D:$D),B2B!$AD:$AD,0),MATCH(_xlfn.SINGLE('Lookup-Sheet'!$A$1:$M$1),B2B!$A$1:$AK$1,0)),INDEX('Link Shifting'!$1:$1048576,MATCH(_xlfn.SINGLE('Lookup-Sheet'!$D:$D),'Link Shifting'!$AC:$AC,0),MATCH(_xlfn.SINGLE('Lookup-Sheet'!$A$1:$M$1),'Link Shifting'!$A$1:$AD$1,0))), "No Data Found")) | I5: =IF(OR(_xlfn.SINGLE('Lookup-Sheet'!$D:D) = "", ISNUMBER(SEARCH("CRQ",_xlfn.SINGLE(D:D )))), "",IFERROR(IFERROR(INDEX(B2B!$1:$1048576,MATCH(_xlfn.SINGLE('Lookup-Sheet'!$D:$D),B2B!$AD:$AD,0),MATCH(_xlfn.SINGLE('Lookup-Sheet'!$A$1:$M$1),B2B!$A$1:$AK$1,0)),INDEX('Link Shifting'!$1:$1048576,MATCH(_xlfn.SINGLE('Lookup-Sheet'!$D:$D),'Link Shifting'!$AC:$AC,0),MATCH(_xlfn.SINGLE('Lookup-Sheet'!$A$1:$M$1),'Link Shifting'!$A$1:$AD$1,0))), "No Data Found")) | J5: =IF(OR(_xlfn.SINGLE('Lookup-Sheet'!$D:D) = "", ISNUMBER(SEARCH("CRQ",_xlfn.SINGLE(D:D )))), "",IFERROR(IFERROR(INDEX(B2B!$1:$1048576,MATCH(_xlfn.SINGLE('Lookup-Sheet'!$D:$D),B2B!$AD:$AD,0),MATCH(_xlfn.SINGLE('Lookup-Sheet'!$A$1:$M$1),B2B!$A$1:$AK$1,0)),INDEX('Link Shifting'!$1:$1048576,MATCH(_xlfn.SINGLE('Lookup-Sheet'!$D:$D),'Link Shifting'!$AC:$AC,0),MATCH(_xlfn.SINGLE('Lookup-Sheet'!$A$1:$M$1),'Link Shifting'!$A$1:$AD$1,0))), "No Data Found")) | K5: =IF(OR(_xlfn.SINGLE('Lookup-Sheet'!$D:D) = "", ISNUMBER(SEARCH("CRQ",_xlfn.SINGLE(D:D )))), "",IFERROR(IFERROR(INDEX(B2B!$1:$1048576,MATCH(_xlfn.SINGLE('Lookup-Sheet'!$D:$D),B2B!$AD:$AD,0),MATCH(_xlfn.SINGLE('Lookup-Sheet'!$A$1:$M$1),B2B!$A$1:$AK$1,0)),INDEX('Link Shifting'!$1:$1048576,MATCH(_xlfn.SINGLE('Lookup-Sheet'!$D:$D),'Link Shifting'!$AC:$AC,0),MATCH(_xlfn.SINGLE('Lookup-Sheet'!$A$1:$M$1),'Link Shifting'!$A$1:$AD$1,0))), "No Data Found")) | L5: =IF(OR(_xlfn.SINGLE('Lookup-Sheet'!$D:D) = "", ISNUMBER(SEARCH("CRQ",_xlfn.SINGLE(D:D )))), "",IFERROR(IFERROR(INDEX(B2B!$1:$1048576,MATCH(_xlfn.SINGLE('Lookup-Sheet'!$D:$D),B2B!$AD:$AD,0),MATCH(_xlfn.SINGLE('Lookup-Sheet'!$A$1:$M$1),B2B!$A$1:$AK$1,0)),INDEX('Link Shifting'!$1:$1048576,MATCH(_xlfn.SINGLE('Lookup-Sheet'!$D:$D),'Link Shifting'!$AC:$AC,0),MATCH(_xlfn.SINGLE('Lookup-Sheet'!$A$1:$M$1),'Link Shifting'!$A$1:$AD$1,0))), "No Data Found")) | M5: =IF(OR(_xlfn.SINGLE('Lookup-Sheet'!$D:D) = "", ISNUMBER(SEARCH("CRQ",_xlfn.SINGLE(D:D )))), "",IFERROR(IFERROR(INDEX(B2B!$1:$1048576,MATCH(_xlfn.SINGLE('Lookup-Sheet'!$D:$D),B2B!$AD:$AD,0),MATCH(_xlfn.SINGLE('Lookup-Sheet'!$A$1:$M$1),B2B!$A$1:$AK$1,0)),INDEX('Link Shifting'!$1:$1048576,MATCH(_xlfn.SINGLE('Lookup-Sheet'!$D:$D),'Link Shifting'!$AC:$AC,0),MATCH(_xlfn.SINGLE('Lookup-Sheet'!$A$1:$M$1),'Link Shifting'!$A$1:$AD$1,0))), "No Data Found"))
A6: =IF(OR(_xlfn.SINGLE('Lookup-Sheet'!$D:D) = "", ISNUMBER(SEARCH("CRQ",_xlfn.SINGLE(D:D )))), "",IFERROR(IFERROR(INDEX(B2B!$1:$1048576,MATCH(_xlfn.SINGLE('Lookup-Sheet'!$D:$D),B2B!$AD:$AD,0),MATCH(_xlfn.SINGLE('Lookup-Sheet'!$A$1:$M$1),B2B!$A$1:$AK$1,0)),INDEX('Link Shifting'!$1:$1048576,MATCH(_xlfn.SINGLE('Lookup-Sheet'!$D:$D),'Link Shifting'!$AC:$AC,0),MATCH(_xlfn.SINGLE('Lookup-Sheet'!$A$1:$M$1),'Link Shifting'!$A$1:$AD$1,0))), "No Data Found")) | B6: =IF(OR(_xlfn.SINGLE('Lookup-Sheet'!$D:D) = "", ISNUMBER(SEARCH("CRQ",_xlfn.SINGLE(D:D )))), "",IFERROR(IFERROR(INDEX(B2B!$1:$1048576,MATCH(_xlfn.SINGLE('Lookup-Sheet'!$D:$D),B2B!$AD:$AD,0),MATCH(_xlfn.SINGLE('Lookup-Sheet'!$A$1:$M$1),B2B!$A$1:$AK$1,0)),INDEX('Link Shifting'!$1:$1048576,MATCH(_xlfn.SINGLE('Lookup-Sheet'!$D:$D),'Link Shifting'!$AC:$AC,0),MATCH(_xlfn.SINGLE('Lookup-Sheet'!$A$1:$M$1),'Link Shifting'!$A$1:$AD$1,0))), "No Data Found")) | C6: =IF(D:D="","",IF(ISNUMBER(SEARCH("CRQ",D:D)),D:D,C5)) -> CRQ: 1100196477 (11-JAN) | D6: CRQ: 1100196477 (11-JAN) | E6: =IF(OR(_xlfn.SINGLE('Lookup-Sheet'!$D:D) = "", ISNUMBER(SEARCH("CRQ",_xlfn.SINGLE(D:D )))), "",IFERROR(IFERROR(INDEX(B2B!$1:$1048576,MATCH(_xlfn.SINGLE('Lookup-Sheet'!$D:$D),B2B!$AD:$AD,0),MATCH(_xlfn.SINGLE('Lookup-Sheet'!$A$1:$M$1),B2B!$A$1:$AK$1,0)),INDEX('Link Shifting'!$1:$1048576,MATCH(_xlfn.SINGLE('Lookup-Sheet'!$D:$D),'Link Shifting'!$AC:$AC,0),MATCH(_xlfn.SINGLE('Lookup-Sheet'!$A$1:$M$1),'Link Shifting'!$A$1:$AD$1,0))), "No Data Found")) | F6: =IF(OR(_xlfn.SINGLE('Lookup-Sheet'!$D:D) = "", ISNUMBER(SEARCH("CRQ",_xlfn.SINGLE(D:D )))), "",IFERROR(IFERROR(INDEX(B2B!$1:$1048576,MATCH(_xlfn.SINGLE('Lookup-Sheet'!$D:$D),B2B!$AD:$AD,0),MATCH(_xlfn.SINGLE('Lookup-Sheet'!$A$1:$M$1),B2B!$A$1:$AK$1,0)),INDEX('Link Shifting'!$1:$1048576,MATCH(_xlfn.SINGLE('Lookup-Sheet'!$D:$D),'Link Shifting'!$AC:$AC,0),MATCH(_xlfn.SINGLE('Lookup-Sheet'!$A$1:$M$1),'Link Shifting'!$A$1:$AD$1,0))), "No Data Found")) | G6: =IF(OR(_xlfn.SINGLE('Lookup-Sheet'!$D:D) = "", ISNUMBER(SEARCH("CRQ",_xlfn.SINGLE(D:D )))), "",IFERROR(IFERROR(INDEX(B2B!$1:$1048576,MATCH(_xlfn.SINGLE('Lookup-Sheet'!$D:$D),B2B!$AD:$AD,0),MATCH(_xlfn.SINGLE('Lookup-Sheet'!$A$1:$M$1),B2B!$A$1:$AK$1,0)),INDEX('Link Shifting'!$1:$1048576,MATCH(_xlfn.SINGLE('Lookup-Sheet'!$D:$D),'Link Shifting'!$AC:$AC,0),MATCH(_xlfn.SINGLE('Lookup-Sheet'!$A$1:$M$1),'Link Shifting'!$A$1:$AD$1,0))), "No Data Found")) | H6: =IF(OR(_xlfn.SINGLE('Lookup-Sheet'!$D:D) = "", ISNUMBER(SEARCH("CRQ",_xlfn.SINGLE(D:D )))), "",IFERROR(IFERROR(INDEX(B2B!$1:$1048576,MATCH(_xlfn.SINGLE('Lookup-Sheet'!$D:$D),B2B!$AD:$AD,0),MATCH(_xlfn.SINGLE('Lookup-Sheet'!$A$1:$M$1),B2B!$A$1:$AK$1,0)),INDEX('Link Shifting'!$1:$1048576,MATCH(_xlfn.SINGLE('Lookup-Sheet'!$D:$D),'Link Shifting'!$AC:$AC,0),MATCH(_xlfn.SINGLE('Lookup-Sheet'!$A$1:$M$1),'Link Shifting'!$A$1:$AD$1,0))), "No Data Found")) | I6: =IF(OR(_xlfn.SINGLE('Lookup-Sheet'!$D:D) = "", ISNUMBER(SEARCH("CRQ",_xlfn.SINGLE(D:D )))), "",IFERROR(IFERROR(INDEX(B2B!$1:$1048576,MATCH(_xlfn.SINGLE('Lookup-Sheet'!$D:$D),B2B!$AD:$AD,0),MATCH(_xlfn.SINGLE('Lookup-Sheet'!$A$1:$M$1),B2B!$A$1:$AK$1,0)),INDEX('Link Shifting'!$1:$1048576,MATCH(_xlfn.SINGLE('Lookup-Sheet'!$D:$D),'Link Shifting'!$AC:$AC,0),MATCH(_xlfn.SINGLE('Lookup-Sheet'!$A$1:$M$1),'Link Shifting'!$A$1:$AD$1,0))), "No Data Found")) | J6: =IF(OR(_xlfn.SINGLE('Lookup-Sheet'!$D:D) = "", ISNUMBER(SEARCH("CRQ",_xlfn.SINGLE(D:D )))), "",IFERROR(IFERROR(INDEX(B2B!$1:$1048576,MATCH(_xlfn.SINGLE('Lookup-Sheet'!$D:$D),B2B!$AD:$AD,0),MATCH(_xlfn.SINGLE('Lookup-Sheet'!$A$1:$M$1),B2B!$A$1:$AK$1,0)),INDEX('Link Shifting'!$1:$1048576,MATCH(_xlfn.SINGLE('Lookup-Sheet'!$D:$D),'Link Shifting'!$AC:$AC,0),MATCH(_xlfn.SINGLE('Lookup-Sheet'!$A$1:$M$1),'Link Shifting'!$A$1:$AD$1,0))), "No Data Found")) | K6: =IF(OR(_xlfn.SINGLE('Lookup-Sheet'!$D:D) = "", ISNUMBER(SEARCH("CRQ",_xlfn.SINGLE(D:D )))), "",IFERROR(IFERROR(INDEX(B2B!$1:$1048576,MATCH(_xlfn.SINGLE('Lookup-Sheet'!$D:$D),B2B!$AD:$AD,0),MATCH(_xlfn.SINGLE('Lookup-Sheet'!$A$1:$M$1),B2B!$A$1:$AK$1,0)),INDEX('Link Shifting'!$1:$1048576,MATCH(_xlfn.SINGLE('Lookup-Sheet'!$D:$D),'Link Shifting'!$AC:$AC,0),MATCH(_xlfn.SINGLE('Lookup-Sheet'!$A$1:$M$1),'Link Shifting'!$A$1:$AD$1,0))), "No Data Found")) | L6: =IF(OR(_xlfn.SINGLE('Lookup-Sheet'!$D:D) = "", ISNUMBER(SEARCH("CRQ",_xlfn.SINGLE(D:D )))), "",IFERROR(IFERROR(INDEX(B2B!$1:$1048576,MATCH(_xlfn.SINGLE('Lookup-Sheet'!$D:$D),B2B!$AD:$AD,0),MATCH(_xlfn.SINGLE('Lookup-Sheet'!$A$1:$M$1),B2B!$A$1:$AK$1,0)),INDEX('Link Shifting'!$1:$1048576,MATCH(_xlfn.SINGLE('Lookup-Sheet'!$D:$D),'Link Shifting'!$AC:$AC,0),MATCH(_xlfn.SINGLE('Lookup-Sheet'!$A$1:$M$1),'Link Shifting'!$A$1:$AD$1,0))), "No Data Found")) | M6: =IF(OR(_xlfn.SINGLE('Lookup-Sheet'!$D:D) = "", ISNUMBER(SEARCH("CRQ",_xlfn.SINGLE(D:D )))), "",IFERROR(IFERROR(INDEX(B2B!$1:$1048576,MATCH(_xlfn.SINGLE('Lookup-Sheet'!$D:$D),B2B!$AD:$AD,0),MATCH(_xlfn.SINGLE('Lookup-Sheet'!$A$1:$M$1),B2B!$A$1:$AK$1,0)),INDEX('Link Shifting'!$1:$1048576,MATCH(_xlfn.SINGLE('Lookup-Sheet'!$D:$D),'Link Shifting'!$AC:$AC,0),MATCH(_xlfn.SINGLE('Lookup-Sheet'!$A$1:$M$1),'Link Shifting'!$A$1:$AD$1,0))), "No Data Found"))
A7: =IF(OR(_xlfn.SINGLE('Lookup-Sheet'!$D:D) = "", ISNUMBER(SEARCH("CRQ",_xlfn.SINGLE(D:D )))), "",IFERROR(IFERROR(INDEX(B2B!$1:$1048576,MATCH(_xlfn.SINGLE('Lookup-Sheet'!$D:$D),B2B!$AD:$AD,0),MATCH(_xlfn.SINGLE('Lookup-Sheet'!$A$1:$M$1),B2B!$A$1:$AK$1,0)),INDEX('Link Shifting'!$1:$1048576,MATCH(_xlfn.SINGLE('Lookup-Sheet'!$D:$D),'Link Shifting'!$AC:$AC,0),MATCH(_xlfn.SINGLE('Lookup-Sheet'!$A$1:$M$1),'Link Shifting'!$A$1:$AD$1,0))), "No Data Found")) -> Active | B7: =IF(OR(_xlfn.SINGLE('Lookup-Sheet'!$D:D) = "", ISNUMBER(SEARCH("CRQ",_xlfn.SINGLE(D:D )))), "",IFERROR(IFERROR(INDEX(B2B!$1:$1048576,MATCH(_xlfn.SINGLE('Lookup-Sheet'!$D:$D),B2B!$AD:$AD,0),MATCH(_xlfn.SINGLE('Lookup-Sheet'!$A$1:$M$1),B2B!$A$1:$AK$1,0)),INDEX('Link Shifting'!$1:$1048576,MATCH(_xlfn.SINGLE('Lookup-Sheet'!$D:$D),'Link Shifting'!$AC:$AC,0),MATCH(_xlfn.SINGLE('Lookup-Sheet'!$A$1:$M$1),'Link Shifting'!$A$1:$AD$1,0))), "No Data Found")) -> 250 | C7: =IF(D:D="","",IF(ISNUMBER(SEARCH("CRQ",D:D)),D:D,C6)) -> CRQ: 1100196477 (11-JAN) | D7: 14712362 | E7: =IF(OR(_xlfn.SINGLE('Lookup-Sheet'!$D:D) = "", ISNUMBER(SEARCH("CRQ",_xlfn.SINGLE(D:D )))), "",IFERROR(IFERROR(INDEX(B2B!$1:$1048576,MATCH(_xlfn.SINGLE('Lookup-Sheet'!$D:$D),B2B!$AD:$AD,0),MATCH(_xlfn.SINGLE('Lookup-Sheet'!$A$1:$M$1),B2B!$A$1:$AK$1,0)),INDEX('Link Shifting'!$1:$1048576,MATCH(_xlfn.SINGLE('Lookup-Sheet'!$D:$D),'Link Shifting'!$AC:$AC,0),MATCH(_xlfn.SINGLE('Lookup-Sheet'!$A$1:$M$1),'Link Shifting'!$A$1:$AD$1,0))), "No Data Found")) -> Pegasus Wave Pvt. Ltd | F7: =IF(OR(_xlfn.SINGLE('Lookup-Sheet'!$D:D) = "", ISNUMBER(SEARCH("CRQ",_xlfn.SINGLE(D:D )))), "",IFERROR(IFERROR(INDEX(B2B!$1:$1048576,MATCH(_xlfn.SINGLE('Lookup-Sheet'!$D:$D),B2B!$AD:$AD,0),MATCH(_xlfn.SINGLE('Lookup-Sheet'!$A$1:$M$1),B2B!$A$1:$AK$1,0)),INDEX('Link Shifting'!$1:$1048576,MATCH(_xlfn.SINGLE('Lookup-Sheet'!$D:$D),'Link Shifting'!$AC:$AC,0),MATCH(_xlfn.SINGLE('Lookup-Sheet'!$A$1:$M$1),'Link Shifting'!$A$1:$AD$1,0))), "No Data Found")) -> MUMBAI | G7: =IF(OR(_xlfn.SINGLE('Lookup-Sheet'!$D:D) = "", ISNUMBER(SEARCH("CRQ",_xlfn.SINGLE(D:D )))), "",IFERROR(IFERROR(INDEX(B2B!$1:$1048576,MATCH(_xlfn.SINGLE('Lookup-Sheet'!$D:$D),B2B!$AD:$AD,0),MATCH(_xlfn.SINGLE('Lookup-Sheet'!$A$1:$M$1),B2B!$A$1:$AK$1,0)),INDEX('Link Shifting'!$1:$1048576,MATCH(_xlfn.SINGLE('Lookup-Sheet'!$D:$D),'Link Shifting'!$AC:$AC,0),MATCH(_xlfn.SINGLE('Lookup-Sheet'!$A$1:$M$1),'Link Shifting'!$A$1:$AD$1,0))), "No Data Found")) -> Murshidabad | H7: =IF(OR(_xlfn.SINGLE('Lookup-Sheet'!$D:D) = "", ISNUMBER(SEARCH("CRQ",_xlfn.SINGLE(D:D )))), "",IFERROR(IFERROR(INDEX(B2B!$1:$1048576,MATCH(_xlfn.SINGLE('Lookup-Sheet'!$D:$D),B2B!$AD:$AD,0),MATCH(_xlfn.SINGLE('Lookup-Sheet'!$A$1:$M$1),B2B!$A$1:$AK$1,0)),INDEX('Link Shifting'!$1:$1048576,MATCH(_xlfn.SINGLE('Lookup-Sheet'!$D:$D),'Link Shifting'!$AC:$AC,0),MATCH(_xlfn.SINGLE('Lookup-Sheet'!$A$1:$M$1),'Link Shifting'!$A$1:$AD$1,0))), "No Data Found")) -> MUM/XVS/901 | I7: =IF(OR(_xlfn.SINGLE('Lookup-Sheet'!$D:D) = "", ISNUMBER(SEARCH("CRQ",_xlfn.SINGLE(D:D )))), "",IFERROR(IFERROR(INDEX(B2B!$1:$1048576,MATCH(_xlfn.SINGLE('Lookup-Sheet'!$D:$D),B2B!$AD:$AD,0),MATCH(_xlfn.SINGLE('Lookup-Sheet'!$A$1:$M$1),B2B!$A$1:$AK$1,0)),INDEX('Link Shifting'!$1:$1048576,MATCH(_xlfn.SINGLE('Lookup-Sheet'!$D:$D),'Link Shifting'!$AC:$AC,0),MATCH(_xlfn.SINGLE('Lookup-Sheet'!$A$1:$M$1),'Link Shifting'!$A$1:$AD$1,0))), "No Data Found")) -> RNNG/SKPA/001 | J7: =IF(OR(_xlfn.SINGLE('Lookup-Sheet'!$D:D) = "", ISNUMBER(SEARCH("CRQ",_xlfn.SINGLE(D:D )))), "",IFERROR(IFERROR(INDEX(B2B!$1:$1048576,MATCH(_xlfn.SINGLE('Lookup-Sheet'!$D:$D),B2B!$AD:$AD,0),MATCH(_xlfn.SINGLE('Lookup-Sheet'!$A$1:$M$1),B2B!$A$1:$AK$1,0)),INDEX('Link Shifting'!$1:$1048576,MATCH(_xlfn.SINGLE('Lookup-Sheet'!$D:$D),'Link Shifting'!$AC:$AC,0),MATCH(_xlfn.SINGLE('Lookup-Sheet'!$A$1:$M$1),'Link Shifting'!$A$1:$AD$1,0))), "No Data Found")) -> MUM_XVS_901_25AC_B_CNCS540R1326#sh run int Te0/0/0/15.2344 | K7: =IF(OR(_xlfn.SINGLE('Lookup-Sheet'!$D:D) = "", ISNUMBER(SEARCH("CRQ",_xlfn.SINGLE(D:D )))), "",IFERROR(IFERROR(INDEX(B2B!$1:$1048576,MATCH(_xlfn.SINGLE('Lookup-Sheet'!$D:$D),B2B!$AD:$AD,0),MATCH(_xlfn.SINGLE('Lookup-Sheet'!$A$1:$M$1),B2B!$A$1:$AK$1,0)),INDEX('Link Shifting'!$1:$1048576,MATCH(_xlfn.SINGLE('Lookup-Sheet'!$D:$D),'Link Shifting'!$AC:$AC,0),MATCH(_xlfn.SINGLE('Lookup-Sheet'!$A$1:$M$1),'Link Shifting'!$A$1:$AD$1,0))), "No Data Found")) -> RNNG/SKPA/001 RNNG_BCLWB_SKPA_P_C80224 PORT 6 otgbe present | L7: =IF(OR(_xlfn.SINGLE('Lookup-Sheet'!$D:D) = "", ISNUMBER(SEARCH("CRQ",_xlfn.SINGLE(D:D )))), "",IFERROR(IFERROR(INDEX(B2B!$1:$1048576,MATCH(_xlfn.SINGLE('Lookup-Sheet'!$D:$D),B2B!$AD:$AD,0),MATCH(_xlfn.SINGLE('Lookup-Sheet'!$A$1:$M$1),B2B!$A$1:$AK$1,0)),INDEX('Link Shifting'!$1:$1048576,MATCH(_xlfn.SINGLE('Lookup-Sheet'!$D:$D),'Link Shifting'!$AC:$AC,0),MATCH(_xlfn.SINGLE('Lookup-Sheet'!$A$1:$M$1),'Link Shifting'!$A$1:$AD$1,0))), "No Data Found")) -> Airtel | M7: =IF(OR(_xlfn.SINGLE('Lookup-Sheet'!$D:D) = "", ISNUMBER(SEARCH("CRQ",_xlfn.SINGLE(D:D )))), "",IFERROR(IFERROR(INDEX(B2B!$1:$1048576,MATCH(_xlfn.SINGLE('Lookup-Sheet'!$D:$D),B2B!$AD:$AD,0),MATCH(_xlfn.SINGLE('Lookup-Sheet'!$A$1:$M$1),B2B!$A$1:$AK$1,0)),INDEX('Link Shifting'!$1:$1048576,MATCH(_xlfn.SINGLE('Lookup-Sheet'!$D:$D),'Link Shifting'!$AC:$AC,0),MATCH(_xlfn.SINGLE('Lookup-Sheet'!$A$1:$M$1),'Link Shifting'!$A$1:$AD$1,0))), "No Data Found")) -> P2P
A8: =IF(OR(_xlfn.SINGLE('Lookup-Sheet'!$D:D) = "", ISNUMBER(SEARCH("CRQ",_xlfn.SINGLE(D:D )))), "",IFERROR(IFERROR(INDEX(B2B!$1:$1048576,MATCH(_xlfn.SINGLE('Lookup-Sheet'!$D:$D),B2B!$AD:$AD,0),MATCH(_xlfn.SINGLE('Lookup-Sheet'!$A$1:$M$1),B2B!$A$1:$AK$1,0)),INDEX('Link Shifting'!$1:$1048576,MATCH(_xlfn.SINGLE('Lookup-Sheet'!$D:$D),'Link Shifting'!$AC:$AC,0),MATCH(_xlfn.SINGLE('Lookup-Sheet'!$A$1:$M$1),'Link Shifting'!$A$1:$AD$1,0))), "No Data Found")) -> Active | B8: =IF(OR(_xlfn.SINGLE('Lookup-Sheet'!$D:D) = "", ISNUMBER(SEARCH("CRQ",_xlfn.SINGLE(D:D )))), "",IFERROR(IFERROR(INDEX(B2B!$1:$1048576,MATCH(_xlfn.SINGLE('Lookup-Sheet'!$D:$D),B2B!$AD:$AD,0),MATCH(_xlfn.SINGLE('Lookup-Sheet'!$A$1:$M$1),B2B!$A$1:$AK$1,0)),INDEX('Link Shifting'!$1:$1048576,MATCH(_xlfn.SINGLE('Lookup-Sheet'!$D:$D),'Link Shifting'!$AC:$AC,0),MATCH(_xlfn.SINGLE('Lookup-Sheet'!$A$1:$M$1),'Link Shifting'!$A$1:$AD$1,0))), "No Data Found")) -> 100 | C8: =IF(D:D="","",IF(ISNUMBER(SEARCH("CRQ",D:D)),D:D,C7)) -> CRQ: 1100196477 (11-JAN) | D8: 14626067 | E8: =IF(OR(_xlfn.SINGLE('Lookup-Sheet'!$D:D) = "", ISNUMBER(SEARCH("CRQ",_xlfn.SINGLE(D:D )))), "",IFERROR(IFERROR(INDEX(B2B!$1:$1048576,MATCH(_xlfn.SINGLE('Lookup-Sheet'!$D:$D),B2B!$AD:$AD,0),MATCH(_xlfn.SINGLE('Lookup-Sheet'!$A$1:$M$1),B2B!$A$1:$AK$1,0)),INDEX('Link Shifting'!$1:$1048576,MATCH(_xlfn.SINGLE('Lookup-Sheet'!$D:$D),'Link Shifting'!$AC:$AC,0),MATCH(_xlfn.SINGLE('Lookup-Sheet'!$A$1:$M$1),'Link Shifting'!$A$1:$AD$1,0))), "No Data Found")) -> Pegasus Wave Pvt. Ltd | F8: =IF(OR(_xlfn.SINGLE('Lookup-Sheet'!$D:D) = "", ISNUMBER(SEARCH("CRQ",_xlfn.SINGLE(D:D )))), "",IFERROR(IFERROR(INDEX(B2B!$1:$1048576,MATCH(_xlfn.SINGLE('Lookup-Sheet'!$D:$D),B2B!$AD:$AD,0),MATCH(_xlfn.SINGLE('Lookup-Sheet'!$A$1:$M$1),B2B!$A$1:$AK$1,0)),INDEX('Link Shifting'!$1:$1048576,MATCH(_xlfn.SINGLE('Lookup-Sheet'!$D:$D),'Link Shifting'!$AC:$AC,0),MATCH(_xlfn.SINGLE('Lookup-Sheet'!$A$1:$M$1),'Link Shifting'!$A$1:$AD$1,0))), "No Data Found")) -> Mumbai | G8: =IF(OR(_xlfn.SINGLE('Lookup-Sheet'!$D:D) = "", ISNUMBER(SEARCH("CRQ",_xlfn.SINGLE(D:D )))), "",IFERROR(IFERROR(INDEX(B2B!$1:$1048576,MATCH(_xlfn.SINGLE('Lookup-Sheet'!$D:$D),B2B!$AD:$AD,0),MATCH(_xlfn.SINGLE('Lookup-Sheet'!$A$1:$M$1),B2B!$A$1:$AK$1,0)),INDEX('Link Shifting'!$1:$1048576,MATCH(_xlfn.SINGLE('Lookup-Sheet'!$D:$D),'Link Shifting'!$AC:$AC,0),MATCH(_xlfn.SINGLE('Lookup-Sheet'!$A$1:$M$1),'Link Shifting'!$A$1:$AD$1,0))), "No Data Found")) -> Nadia | H8: =IF(OR(_xlfn.SINGLE('Lookup-Sheet'!$D:D) = "", ISNUMBER(SEARCH("CRQ",_xlfn.SINGLE(D:D )))), "",IFERROR(IFERROR(INDEX(B2B!$1:$1048576,MATCH(_xlfn.SINGLE('Lookup-Sheet'!$D:$D),B2B!$AD:$AD,0),MATCH(_xlfn.SINGLE('Lookup-Sheet'!$A$1:$M$1),B2B!$A$1:$AK$1,0)),INDEX('Link Shifting'!$1:$1048576,MATCH(_xlfn.SINGLE('Lookup-Sheet'!$D:$D),'Link Shifting'!$AC:$AC,0),MATCH(_xlfn.SINGLE('Lookup-Sheet'!$A$1:$M$1),'Link Shifting'!$A$1:$AD$1,0))), "No Data Found")) -> MUM/XVS/901 | I8: =IF(OR(_xlfn.SINGLE('Lookup-Sheet'!$D:D) = "", ISNUMBER(SEARCH("CRQ",_xlfn.SINGLE(D:D )))), "",IFERROR(IFERROR(INDEX(B2B!$1:$1048576,MATCH(_xlfn.SINGLE('Lookup-Sheet'!$D:$D),B2B!$AD:$AD,0),MATCH(_xlfn.SINGLE('Lookup-Sheet'!$A$1:$M$1),B2B!$A$1:$AK$1,0)),INDEX('Link Shifting'!$1:$1048576,MATCH(_xlfn.SINGLE('Lookup-Sheet'!$D:$D),'Link Shifting'!$AC:$AC,0),MATCH(_xlfn.SINGLE('Lookup-Sheet'!$A$1:$M$1),'Link Shifting'!$A$1:$AD$1,0))), "No Data Found")) -> TET/BTI/003 | J8: =IF(OR(_xlfn.SINGLE('Lookup-Sheet'!$D:D) = "", ISNUMBER(SEARCH("CRQ",_xlfn.SINGLE(D:D )))), "",IFERROR(IFERROR(INDEX(B2B!$1:$1048576,MATCH(_xlfn.SINGLE('Lookup-Sheet'!$D:$D),B2B!$AD:$AD,0),MATCH(_xlfn.SINGLE('Lookup-Sheet'!$A$1:$M$1),B2B!$A$1:$AK$1,0)),INDEX('Link Shifting'!$1:$1048576,MATCH(_xlfn.SINGLE('Lookup-Sheet'!$D:$D),'Link Shifting'!$AC:$AC,0),MATCH(_xlfn.SINGLE('Lookup-Sheet'!$A$1:$M$1),'Link Shifting'!$A$1:$AD$1,0))), "No Data Found")) -> MUM_XVS_901_25AC_B_CNCS540R1326-TenGigE0/0/0/15.2400 | K8: =IF(OR(_xlfn.SINGLE('Lookup-Sheet'!$D:D) = "", ISNUMBER(SEARCH("CRQ",_xlfn.SINGLE(D:D )))), "",IFERROR(IFERROR(INDEX(B2B!$1:$1048576,MATCH(_xlfn.SINGLE('Lookup-Sheet'!$D:$D),B2B!$AD:$AD,0),MATCH(_xlfn.SINGLE('Lookup-Sheet'!$A$1:$M$1),B2B!$A$1:$AK$1,0)),INDEX('Link Shifting'!$1:$1048576,MATCH(_xlfn.SINGLE('Lookup-Sheet'!$D:$D),'Link Shifting'!$AC:$AC,0),MATCH(_xlfn.SINGLE('Lookup-Sheet'!$A$1:$M$1),'Link Shifting'!$A$1:$AD$1,0))), "No Data Found")) -> TET_BCLWB_BTI_P_C67746 Port-6 (SFP Present) | L8: =IF(OR(_xlfn.SINGLE('Lookup-Sheet'!$D:D) = "", ISNUMBER(SEARCH("CRQ",_xlfn.SINGLE(D:D )))), "",IFERROR(IFERROR(INDEX(B2B!$1:$1048576,MATCH(_xlfn.SINGLE('Lookup-Sheet'!$D:$D),B2B!$AD:$AD,0),MATCH(_xlfn.SINGLE('Lookup-Sheet'!$A$1:$M$1),B2B!$A$1:$AK$1,0)),INDEX('Link Shifting'!$1:$1048576,MATCH(_xlfn.SINGLE('Lookup-Sheet'!$D:$D),'Link Shifting'!$AC:$AC,0),MATCH(_xlfn.SINGLE('Lookup-Sheet'!$A$1:$M$1),'Link Shifting'!$A$1:$AD$1,0))), "No Data Found")) -> Airtel | M8: =IF(OR(_xlfn.SINGLE('Lookup-Sheet'!$D:D) = "", ISNUMBER(SEARCH("CRQ",_xlfn.SINGLE(D:D )))), "",IFERROR(IFERROR(INDEX(B2B!$1:$1048576,MATCH(_xlfn.SINGLE('Lookup-Sheet'!$D:$D),B2B!$AD:$AD,0),MATCH(_xlfn.SINGLE('Lookup-Sheet'!$A$1:$M$1),B2B!$A$1:$AK$1,0)),INDEX('Link Shifting'!$1:$1048576,MATCH(_xlfn.SINGLE('Lookup-Sheet'!$D:$D),'Link Shifting'!$AC:$AC,0),MATCH(_xlfn.SINGLE('Lookup-Sheet'!$A$1:$M$1),'Link Shifting'!$A$1:$AD$1,0))), "No Data Found")) -> P2P
A9: =IF(OR(_xlfn.SINGLE('Lookup-Sheet'!$D:D) = "", ISNUMBER(SEARCH("CRQ",_xlfn.SINGLE(D:D )))), "",IFERROR(IFERROR(INDEX(B2B!$1:$1048576,MATCH(_xlfn.SINGLE('Lookup-Sheet'!$D:$D),B2B!$AD:$AD,0),MATCH(_xlfn.SINGLE('Lookup-Sheet'!$A$1:$M$1),B2B!$A$1:$AK$1,0)),INDEX('Link Shifting'!$1:$1048576,MATCH(_xlfn.SINGLE('Lookup-Sheet'!$D:$D),'Link Shifting'!$AC:$AC,0),MATCH(_xlfn.SINGLE('Lookup-Sheet'!$A$1:$M$1),'Link Shifting'!$A$1:$AD$1,0))), "No Data Found")) -> Active | B9: =IF(OR(_xlfn.SINGLE('Lookup-Sheet'!$D:D) = "", ISNUMBER(SEARCH("CRQ",_xlfn.SINGLE(D:D )))), "",IFERROR(IFERROR(INDEX(B2B!$1:$1048576,MATCH(_xlfn.SINGLE('Lookup-Sheet'!$D:$D),B2B!$AD:$AD,0),MATCH(_xlfn.SINGLE('Lookup-Sheet'!$A$1:$M$1),B2B!$A$1:$AK$1,0)),INDEX('Link Shifting'!$1:$1048576,MATCH(_xlfn.SINGLE('Lookup-Sheet'!$D:$D),'Link Shifting'!$AC:$AC,0),MATCH(_xlfn.SINGLE('Lookup-Sheet'!$A$1:$M$1),'Link Shifting'!$A$1:$AD$1,0))), "No Data Found")) -> 155 | C9: =IF(D:D="","",IF(ISNUMBER(SEARCH("CRQ",D:D)),D:D,C8)) -> CRQ: 1100196477 (11-JAN) | D9: 14626056 | E9: =IF(OR(_xlfn.SINGLE('Lookup-Sheet'!$D:D) = "", ISNUMBER(SEARCH("CRQ",_xlfn.SINGLE(D:D )))), "",IFERROR(IFERROR(INDEX(B2B!$1:$1048576,MATCH(_xlfn.SINGLE('Lookup-Sheet'!$D:$D),B2B!$AD:$AD,0),MATCH(_xlfn.SINGLE('Lookup-Sheet'!$A$1:$M$1),B2B!$A$1:$AK$1,0)),INDEX('Link Shifting'!$1:$1048576,MATCH(_xlfn.SINGLE('Lookup-Sheet'!$D:$D),'Link Shifting'!$AC:$AC,0),MATCH(_xlfn.SINGLE('Lookup-Sheet'!$A$1:$M$1),'Link Shifting'!$A$1:$AD$1,0))), "No Data Found")) -> Pegasus Wave Pvt. Ltd | F9: =IF(OR(_xlfn.SINGLE('Lookup-Sheet'!$D:D) = "", ISNUMBER(SEARCH("CRQ",_xlfn.SINGLE(D:D )))), "",IFERROR(IFERROR(INDEX(B2B!$1:$1048576,MATCH(_xlfn.SINGLE('Lookup-Sheet'!$D:$D),B2B!$AD:$AD,0),MATCH(_xlfn.SINGLE('Lookup-Sheet'!$A$1:$M$1),B2B!$A$1:$AK$1,0)),INDEX('Link Shifting'!$1:$1048576,MATCH(_xlfn.SINGLE('Lookup-Sheet'!$D:$D),'Link Shifting'!$AC:$AC,0),MATCH(_xlfn.SINGLE('Lookup-Sheet'!$A$1:$M$1),'Link Shifting'!$A$1:$AD$1,0))), "No Data Found")) -> Mumbai | G9: =IF(OR(_xlfn.SINGLE('Lookup-Sheet'!$D:D) = "", ISNUMBER(SEARCH("CRQ",_xlfn.SINGLE(D:D )))), "",IFERROR(IFERROR(INDEX(B2B!$1:$1048576,MATCH(_xlfn.SINGLE('Lookup-Sheet'!$D:$D),B2B!$AD:$AD,0),MATCH(_xlfn.SINGLE('Lookup-Sheet'!$A$1:$M$1),B2B!$A$1:$AK$1,0)),INDEX('Link Shifting'!$1:$1048576,MATCH(_xlfn.SINGLE('Lookup-Sheet'!$D:$D),'Link Shifting'!$AC:$AC,0),MATCH(_xlfn.SINGLE('Lookup-Sheet'!$A$1:$M$1),'Link Shifting'!$A$1:$AD$1,0))), "No Data Found")) -> Monteswar | H9: =IF(OR(_xlfn.SINGLE('Lookup-Sheet'!$D:D) = "", ISNUMBER(SEARCH("CRQ",_xlfn.SINGLE(D:D )))), "",IFERROR(IFERROR(INDEX(B2B!$1:$1048576,MATCH(_xlfn.SINGLE('Lookup-Sheet'!$D:$D),B2B!$AD:$AD,0),MATCH(_xlfn.SINGLE('Lookup-Sheet'!$A$1:$M$1),B2B!$A$1:$AK$1,0)),INDEX('Link Shifting'!$1:$1048576,MATCH(_xlfn.SINGLE('Lookup-Sheet'!$D:$D),'Link Shifting'!$AC:$AC,0),MATCH(_xlfn.SINGLE('Lookup-Sheet'!$A$1:$M$1),'Link Shifting'!$A$1:$AD$1,0))), "No Data Found")) -> MUM/XVS/901 | I9: =IF(OR(_xlfn.SINGLE('Lookup-Sheet'!$D:D) = "", ISNUMBER(SEARCH("CRQ",_xlfn.SINGLE(D:D )))), "",IFERROR(IFERROR(INDEX(B2B!$1:$1048576,MATCH(_xlfn.SINGLE('Lookup-Sheet'!$D:$D),B2B!$AD:$AD,0),MATCH(_xlfn.SINGLE('Lookup-Sheet'!$A$1:$M$1),B2B!$A$1:$AK$1,0)),INDEX('Link Shifting'!$1:$1048576,MATCH(_xlfn.SINGLE('Lookup-Sheet'!$D:$D),'Link Shifting'!$AC:$AC,0),MATCH(_xlfn.SINGLE('Lookup-Sheet'!$A$1:$M$1),'Link Shifting'!$A$1:$AD$1,0))), "No Data Found")) -> BUW/DGB/016 | J9: =IF(OR(_xlfn.SINGLE('Lookup-Sheet'!$D:D) = "", ISNUMBER(SEARCH("CRQ",_xlfn.SINGLE(D:D )))), "",IFERROR(IFERROR(INDEX(B2B!$1:$1048576,MATCH(_xlfn.SINGLE('Lookup-Sheet'!$D:$D),B2B!$AD:$AD,0),MATCH(_xlfn.SINGLE('Lookup-Sheet'!$A$1:$M$1),B2B!$A$1:$AK$1,0)),INDEX('Link Shifting'!$1:$1048576,MATCH(_xlfn.SINGLE('Lookup-Sheet'!$D:$D),'Link Shifting'!$AC:$AC,0),MATCH(_xlfn.SINGLE('Lookup-Sheet'!$A$1:$M$1),'Link Shifting'!$A$1:$AD$1,0))), "No Data Found")) -> MUM_XVS_901_25AC_B_CNCS540R1326-TenGigE0/0/0/15.2347 | K9: =IF(OR(_xlfn.SINGLE('Lookup-Sheet'!$D:D) = "", ISNUMBER(SEARCH("CRQ",_xlfn.SINGLE(D:D )))), "",IFERROR(IFERROR(INDEX(B2B!$1:$1048576,MATCH(_xlfn.SINGLE('Lookup-Sheet'!$D:$D),B2B!$AD:$AD,0),MATCH(_xlfn.SINGLE('Lookup-Sheet'!$A$1:$M$1),B2B!$A$1:$AK$1,0)),INDEX('Link Shifting'!$1:$1048576,MATCH(_xlfn.SINGLE('Lookup-Sheet'!$D:$D),'Link Shifting'!$AC:$AC,0),MATCH(_xlfn.SINGLE('Lookup-Sheet'!$A$1:$M$1),'Link Shifting'!$A$1:$AD$1,0))), "No Data Found")) -> BUW_BCLWB_DGB_P_C70050 PORT 8 (sfp present) | L9: =IF(OR(_xlfn.SINGLE('Lookup-Sheet'!$D:D) = "", ISNUMBER(SEARCH("CRQ",_xlfn.SINGLE(D:D )))), "",IFERROR(IFERROR(INDEX(B2B!$1:$1048576,MATCH(_xlfn.SINGLE('Lookup-Sheet'!$D:$D),B2B!$AD:$AD,0),MATCH(_xlfn.SINGLE('Lookup-Sheet'!$A$1:$M$1),B2B!$A$1:$AK$1,0)),INDEX('Link Shifting'!$1:$1048576,MATCH(_xlfn.SINGLE('Lookup-Sheet'!$D:$D),'Link Shifting'!$AC:$AC,0),MATCH(_xlfn.SINGLE('Lookup-Sheet'!$A$1:$M$1),'Link Shifting'!$A$1:$AD$1,0))), "No Data Found")) -> Airtel | M9: =IF(OR(_xlfn.SINGLE('Lookup-Sheet'!$D:D) = "", ISNUMBER(SEARCH("CRQ",_xlfn.SINGLE(D:D )))), "",IFERROR(IFERROR(INDEX(B2B!$1:$1048576,MATCH(_xlfn.SINGLE('Lookup-Sheet'!$D:$D),B2B!$AD:$AD,0),MATCH(_xlfn.SINGLE('Lookup-Sheet'!$A$1:$M$1),B2B!$A$1:$AK$1,0)),INDEX('Link Shifting'!$1:$1048576,MATCH(_xlfn.SINGLE('Lookup-Sheet'!$D:$D),'Link Shifting'!$AC:$AC,0),MATCH(_xlfn.SINGLE('Lookup-Sheet'!$A$1:$M$1),'Link Shifting'!$A$1:$AD$1,0))), "No Data Found")) -> P2P
A10: =IF(OR(_xlfn.SINGLE('Lookup-Sheet'!$D:D) = "", ISNUMBER(SEARCH("CRQ",_xlfn.SINGLE(D:D )))), "",IFERROR(IFERROR(INDEX(B2B!$1:$1048576,MATCH(_xlfn.SINGLE('Lookup-Sheet'!$D:$D),B2B!$AD:$AD,0),MATCH(_xlfn.SINGLE('Lookup-Sheet'!$A$1:$M$1),B2B!$A$1:$AK$1,0)),INDEX('Link Shifting'!$1:$1048576,MATCH(_xlfn.SINGLE('Lookup-Sheet'!$D:$D),'Link Shifting'!$AC:$AC,0),MATCH(_xlfn.SINGLE('Lookup-Sheet'!$A$1:$M$1),'Link Shifting'!$A$1:$AD$1,0))), "No Data Found")) -> Active | B10: =IF(OR(_xlfn.SINGLE('Lookup-Sheet'!$D:D) = "", ISNUMBER(SEARCH("CRQ",_xlfn.SINGLE(D:D )))), "",IFERROR(IFERROR(INDEX(B2B!$1:$1048576,MATCH(_xlfn.SINGLE('Lookup-Sheet'!$D:$D),B2B!$AD:$AD,0),MATCH(_xlfn.SINGLE('Lookup-Sheet'!$A$1:$M$1),B2B!$A$1:$AK$1,0)),INDEX('Link Shifting'!$1:$1048576,MATCH(_xlfn.SINGLE('Lookup-Sheet'!$D:$D),'Link Shifting'!$AC:$AC,0),MATCH(_xlfn.SINGLE('Lookup-Sheet'!$A$1:$M$1),'Link Shifting'!$A$1:$AD$1,0))), "No Data Found")) -> 1500 | C10: =IF(D:D="","",IF(ISNUMBER(SEARCH("CRQ",D:D)),D:D,C9)) -> CRQ: 1100196477 (11-JAN) | D10: 14584905 | E10: =IF(OR(_xlfn.SINGLE('Lookup-Sheet'!$D:D) = "", ISNUMBER(SEARCH("CRQ",_xlfn.SINGLE(D:D )))), "",IFERROR(IFERROR(INDEX(B2B!$1:$1048576,MATCH(_xlfn.SINGLE('Lookup-Sheet'!$D:$D),B2B!$AD:$AD,0),MATCH(_xlfn.SINGLE('Lookup-Sheet'!$A$1:$M$1),B2B!$A$1:$AK$1,0)),INDEX('Link Shifting'!$1:$1048576,MATCH(_xlfn.SINGLE('Lookup-Sheet'!$D:$D),'Link Shifting'!$AC:$AC,0),MATCH(_xlfn.SINGLE('Lookup-Sheet'!$A$1:$M$1),'Link Shifting'!$A$1:$AD$1,0))), "No Data Found")) -> Pegasus Wave Pvt. Ltd | F10: =IF(OR(_xlfn.SINGLE('Lookup-Sheet'!$D:D) = "", ISNUMBER(SEARCH("CRQ",_xlfn.SINGLE(D:D )))), "",IFERROR(IFERROR(INDEX(B2B!$1:$1048576,MATCH(_xlfn.SINGLE('Lookup-Sheet'!$D:$D),B2B!$AD:$AD,0),MATCH(_xlfn.SINGLE('Lookup-Sheet'!$A$1:$M$1),B2B!$A$1:$AK$1,0)),INDEX('Link Shifting'!$1:$1048576,MATCH(_xlfn.SINGLE('Lookup-Sheet'!$D:$D),'Link Shifting'!$AC:$AC,0),MATCH(_xlfn.SINGLE('Lookup-Sheet'!$A$1:$M$1),'Link Shifting'!$A$1:$AD$1,0))), "No Data Found")) -> MUMBAI | G10: =IF(OR(_xlfn.SINGLE('Lookup-Sheet'!$D:D) = "", ISNUMBER(SEARCH("CRQ",_xlfn.SINGLE(D:D )))), "",IFERROR(IFERROR(INDEX(B2B!$1:$1048576,MATCH(_xlfn.SINGLE('Lookup-Sheet'!$D:$D),B2B!$AD:$AD,0),MATCH(_xlfn.SINGLE('Lookup-Sheet'!$A$1:$M$1),B2B!$A$1:$AK$1,0)),INDEX('Link Shifting'!$1:$1048576,MATCH(_xlfn.SINGLE('Lookup-Sheet'!$D:$D),'Link Shifting'!$AC:$AC,0),MATCH(_xlfn.SINGLE('Lookup-Sheet'!$A$1:$M$1),'Link Shifting'!$A$1:$AD$1,0))), "No Data Found")) -> KARIMPUR | H10: =IF(OR(_xlfn.SINGLE('Lookup-Sheet'!$D:D) = "", ISNUMBER(SEARCH("CRQ",_xlfn.SINGLE(D:D )))), "",IFERROR(IFERROR(INDEX(B2B!$1:$1048576,MATCH(_xlfn.SINGLE('Lookup-Sheet'!$D:$D),B2B!$AD:$AD,0),MATCH(_xlfn.SINGLE('Lookup-Sheet'!$A$1:$M$1),B2B!$A$1:$AK$1,0)),INDEX('Link Shifting'!$1:$1048576,MATCH(_xlfn.SINGLE('Lookup-Sheet'!$D:$D),'Link Shifting'!$AC:$AC,0),MATCH(_xlfn.SINGLE('Lookup-Sheet'!$A$1:$M$1),'Link Shifting'!$A$1:$AD$1,0))), "No Data Found")) -> MUM/XVS/901 | I10: =IF(OR(_xlfn.SINGLE('Lookup-Sheet'!$D:D) = "", ISNUMBER(SEARCH("CRQ",_xlfn.SINGLE(D:D )))), "",IFERROR(IFERROR(INDEX(B2B!$1:$1048576,MATCH(_xlfn.SINGLE('Lookup-Sheet'!$D:$D),B2B!$AD:$AD,0),MATCH(_xlfn.SINGLE('Lookup-Sheet'!$A$1:$M$1),B2B!$A$1:$AK$1,0)),INDEX('Link Shifting'!$1:$1048576,MATCH(_xlfn.SINGLE('Lookup-Sheet'!$D:$D),'Link Shifting'!$AC:$AC,0),MATCH(_xlfn.SINGLE('Lookup-Sheet'!$A$1:$M$1),'Link Shifting'!$A$1:$AD$1,0))), "No Data Found")) -> KMP/KBS/001 | J10: =IF(OR(_xlfn.SINGLE('Lookup-Sheet'!$D:D) = "", ISNUMBER(SEARCH("CRQ",_xlfn.SINGLE(D:D )))), "",IFERROR(IFERROR(INDEX(B2B!$1:$1048576,MATCH(_xlfn.SINGLE('Lookup-Sheet'!$D:$D),B2B!$AD:$AD,0),MATCH(_xlfn.SINGLE('Lookup-Sheet'!$A$1:$M$1),B2B!$A$1:$AK$1,0)),INDEX('Link Shifting'!$1:$1048576,MATCH(_xlfn.SINGLE('Lookup-Sheet'!$D:$D),'Link Shifting'!$AC:$AC,0),MATCH(_xlfn.SINGLE('Lookup-Sheet'!$A$1:$M$1),'Link Shifting'!$A$1:$AD$1,0))), "No Data Found")) -> MUM_XVS_901_25AC_B_CNCS540R1326-TenGigE0/0/0/15.1026 | K10: =IF(OR(_xlfn.SINGLE('Lookup-Sheet'!$D:D) = "", ISNUMBER(SEARCH("CRQ",_xlfn.SINGLE(D:D )))), "",IFERROR(IFERROR(INDEX(B2B!$1:$1048576,MATCH(_xlfn.SINGLE('Lookup-Sheet'!$D:$D),B2B!$AD:$AD,0),MATCH(_xlfn.SINGLE('Lookup-Sheet'!$A$1:$M$1),B2B!$A$1:$AK$1,0)),INDEX('Link Shifting'!$1:$1048576,MATCH(_xlfn.SINGLE('Lookup-Sheet'!$D:$D),'Link Shifting'!$AC:$AC,0),MATCH(_xlfn.SINGLE('Lookup-Sheet'!$A$1:$M$1),'Link Shifting'!$A$1:$AD$1,0))), "No Data Found")) -> KMP_BCLWB_KBS_P_C78473 port 11 | L10: =IF(OR(_xlfn.SINGLE('Lookup-Sheet'!$D:D) = "", ISNUMBER(SEARCH("CRQ",_xlfn.SINGLE(D:D )))), "",IFERROR(IFERROR(INDEX(B2B!$1:$1048576,MATCH(_xlfn.SINGLE('Lookup-Sheet'!$D:$D),B2B!$AD:$AD,0),MATCH(_xlfn.SINGLE('Lookup-Sheet'!$A$1:$M$1),B2B!$A$1:$AK$1,0)),INDEX('Link Shifting'!$1:$1048576,MATCH(_xlfn.SINGLE('Lookup-Sheet'!$D:$D),'Link Shifting'!$AC:$AC,0),MATCH(_xlfn.SINGLE('Lookup-Sheet'!$A$1:$M$1),'Link Shifting'!$A$1:$AD$1,0))), "No Data Found")) -> Airtel | M10: =IF(OR(_xlfn.SINGLE('Lookup-Sheet'!$D:D) = "", ISNUMBER(SEARCH("CRQ",_xlfn.SINGLE(D:D )))), "",IFERROR(IFERROR(INDEX(B2B!$1:$1048576,MATCH(_xlfn.SINGLE('Lookup-Sheet'!$D:$D),B2B!$AD:$AD,0),MATCH(_xlfn.SINGLE('Lookup-Sheet'!$A$1:$M$1),B2B!$A$1:$AK$1,0)),INDEX('Link Shifting'!$1:$1048576,MATCH(_xlfn.SINGLE('Lookup-Sheet'!$D:$D),'Link Shifting'!$AC:$AC,0),MATCH(_xlfn.SINGLE('Lookup-Sheet'!$A$1:$M$1),'Link Shifting'!$A$1:$AD$1,0))), "No Data Found")) -> P2P
A11: =IF(OR(_xlfn.SINGLE('Lookup-Sheet'!$D:D) = "", ISNUMBER(SEARCH("CRQ",_xlfn.SINGLE(D:D )))), "",IFERROR(IFERROR(INDEX(B2B!$1:$1048576,MATCH(_xlfn.SINGLE('Lookup-Sheet'!$D:$D),B2B!$AD:$AD,0),MATCH(_xlfn.SINGLE('Lookup-Sheet'!$A$1:$M$1),B2B!$A$1:$AK$1,0)),INDEX('Link Shifting'!$1:$1048576,MATCH(_xlfn.SINGLE('Lookup-Sheet'!$D:$D),'Link Shifting'!$AC:$AC,0),MATCH(_xlfn.SINGLE('Lookup-Sheet'!$A$1:$M$1),'Link Shifting'!$A$1:$AD$1,0))), "No Data Found")) -> Active | B11: =IF(OR(_xlfn.SINGLE('Lookup-Sheet'!$D:D) = "", ISNUMBER(SEARCH("CRQ",_xlfn.SINGLE(D:D )))), "",IFERROR(IFERROR(INDEX(B2B!$1:$1048576,MATCH(_xlfn.SINGLE('Lookup-Sheet'!$D:$D),B2B!$AD:$AD,0),MATCH(_xlfn.SINGLE('Lookup-Sheet'!$A$1:$M$1),B2B!$A$1:$AK$1,0)),INDEX('Link Shifting'!$1:$1048576,MATCH(_xlfn.SINGLE('Lookup-Sheet'!$D:$D),'Link Shifting'!$AC:$AC,0),MATCH(_xlfn.SINGLE('Lookup-Sheet'!$A$1:$M$1),'Link Shifting'!$A$1:$AD$1,0))), "No Data Found")) -> 500 | C11: =IF(D:D="","",IF(ISNUMBER(SEARCH("CRQ",D:D)),D:D,C10)) -> CRQ: 1100196477 (11-JAN) | D11: 14331104 | E11: =IF(OR(_xlfn.SINGLE('Lookup-Sheet'!$D:D) = "", ISNUMBER(SEARCH("CRQ",_xlfn.SINGLE(D:D )))), "",IFERROR(IFERROR(INDEX(B2B!$1:$1048576,MATCH(_xlfn.SINGLE('Lookup-Sheet'!$D:$D),B2B!$AD:$AD,0),MATCH(_xlfn.SINGLE('Lookup-Sheet'!$A$1:$M$1),B2B!$A$1:$AK$1,0)),INDEX('Link Shifting'!$1:$1048576,MATCH(_xlfn.SINGLE('Lookup-Sheet'!$D:$D),'Link Shifting'!$AC:$AC,0),MATCH(_xlfn.SINGLE('Lookup-Sheet'!$A$1:$M$1),'Link Shifting'!$A$1:$AD$1,0))), "No Data Found")) -> MNK infowav | F11: =IF(OR(_xlfn.SINGLE('Lookup-Sheet'!$D:D) = "", ISNUMBER(SEARCH("CRQ",_xlfn.SINGLE(D:D )))), "",IFERROR(IFERROR(INDEX(B2B!$1:$1048576,MATCH(_xlfn.SINGLE('Lookup-Sheet'!$D:$D),B2B!$AD:$AD,0),MATCH(_xlfn.SINGLE('Lookup-Sheet'!$A$1:$M$1),B2B!$A$1:$AK$1,0)),INDEX('Link Shifting'!$1:$1048576,MATCH(_xlfn.SINGLE('Lookup-Sheet'!$D:$D),'Link Shifting'!$AC:$AC,0),MATCH(_xlfn.SINGLE('Lookup-Sheet'!$A$1:$M$1),'Link Shifting'!$A$1:$AD$1,0))), "No Data Found")) -> Mumbai | G11: =IF(OR(_xlfn.SINGLE('Lookup-Sheet'!$D:D) = "", ISNUMBER(SEARCH("CRQ",_xlfn.SINGLE(D:D )))), "",IFERROR(IFERROR(INDEX(B2B!$1:$1048576,MATCH(_xlfn.SINGLE('Lookup-Sheet'!$D:$D),B2B!$AD:$AD,0),MATCH(_xlfn.SINGLE('Lookup-Sheet'!$A$1:$M$1),B2B!$A$1:$AK$1,0)),INDEX('Link Shifting'!$1:$1048576,MATCH(_xlfn.SINGLE('Lookup-Sheet'!$D:$D),'Link Shifting'!$AC:$AC,0),MATCH(_xlfn.SINGLE('Lookup-Sheet'!$A$1:$M$1),'Link Shifting'!$A$1:$AD$1,0))), "No Data Found")) -> Bhagwangola | H11: =IF(OR(_xlfn.SINGLE('Lookup-Sheet'!$D:D) = "", ISNUMBER(SEARCH("CRQ",_xlfn.SINGLE(D:D )))), "",IFERROR(IFERROR(INDEX(B2B!$1:$1048576,MATCH(_xlfn.SINGLE('Lookup-Sheet'!$D:$D),B2B!$AD:$AD,0),MATCH(_xlfn.SINGLE('Lookup-Sheet'!$A$1:$M$1),B2B!$A$1:$AK$1,0)),INDEX('Link Shifting'!$1:$1048576,MATCH(_xlfn.SINGLE('Lookup-Sheet'!$D:$D),'Link Shifting'!$AC:$AC,0),MATCH(_xlfn.SINGLE('Lookup-Sheet'!$A$1:$M$1),'Link Shifting'!$A$1:$AD$1,0))), "No Data Found")) -> MUM/XVS/901 | I11: =IF(OR(_xlfn.SINGLE('Lookup-Sheet'!$D:D) = "", ISNUMBER(SEARCH("CRQ",_xlfn.SINGLE(D:D )))), "",IFERROR(IFERROR(INDEX(B2B!$1:$1048576,MATCH(_xlfn.SINGLE('Lookup-Sheet'!$D:$D),B2B!$AD:$AD,0),MATCH(_xlfn.SINGLE('Lookup-Sheet'!$A$1:$M$1),B2B!$A$1:$AK$1,0)),INDEX('Link Shifting'!$1:$1048576,MATCH(_xlfn.SINGLE('Lookup-Sheet'!$D:$D),'Link Shifting'!$AC:$AC,0),MATCH(_xlfn.SINGLE('Lookup-Sheet'!$A$1:$M$1),'Link Shifting'!$A$1:$AD$1,0))), "No Data Found")) -> BHB/BBO/014 | J11: =IF(OR(_xlfn.SINGLE('Lookup-Sheet'!$D:D) = "", ISNUMBER(SEARCH("CRQ",_xlfn.SINGLE(D:D )))), "",IFERROR(IFERROR(INDEX(B2B!$1:$1048576,MATCH(_xlfn.SINGLE('Lookup-Sheet'!$D:$D),B2B!$AD:$AD,0),MATCH(_xlfn.SINGLE('Lookup-Sheet'!$A$1:$M$1),B2B!$A$1:$AK$1,0)),INDEX('Link Shifting'!$1:$1048576,MATCH(_xlfn.SINGLE('Lookup-Sheet'!$D:$D),'Link Shifting'!$AC:$AC,0),MATCH(_xlfn.SINGLE('Lookup-Sheet'!$A$1:$M$1),'Link Shifting'!$A$1:$AD$1,0))), "No Data Found")) -> MUM_XVS_901_26AC_B_CNCS540R1326-Te0/0/0/26.1025 | K11: =IF(OR(_xlfn.SINGLE('Lookup-Sheet'!$D:D) = "", ISNUMBER(SEARCH("CRQ",_xlfn.SINGLE(D:D )))), "",IFERROR(IFERROR(INDEX(B2B!$1:$1048576,MATCH(_xlfn.SINGLE('Lookup-Sheet'!$D:$D),B2B!$AD:$AD,0),MATCH(_xlfn.SINGLE('Lookup-Sheet'!$A$1:$M$1),B2B!$A$1:$AK$1,0)),INDEX('Link Shifting'!$1:$1048576,MATCH(_xlfn.SINGLE('Lookup-Sheet'!$D:$D),'Link Shifting'!$AC:$AC,0),MATCH(_xlfn.SINGLE('Lookup-Sheet'!$A$1:$M$1),'Link Shifting'!$A$1:$AD$1,0))), "No Data Found")) -> BHB_BCLWB_BBO_P_C80219 port 4 | L11: =IF(OR(_xlfn.SINGLE('Lookup-Sheet'!$D:D) = "", ISNUMBER(SEARCH("CRQ",_xlfn.SINGLE(D:D )))), "",IFERROR(IFERROR(INDEX(B2B!$1:$1048576,MATCH(_xlfn.SINGLE('Lookup-Sheet'!$D:$D),B2B!$AD:$AD,0),MATCH(_xlfn.SINGLE('Lookup-Sheet'!$A$1:$M$1),B2B!$A$1:$AK$1,0)),INDEX('Link Shifting'!$1:$1048576,MATCH(_xlfn.SINGLE('Lookup-Sheet'!$D:$D),'Link Shifting'!$AC:$AC,0),MATCH(_xlfn.SINGLE('Lookup-Sheet'!$A$1:$M$1),'Link Shifting'!$A$1:$AD$1,0))), "No Data Found")) -> Airtel | M11: =IF(OR(_xlfn.SINGLE('Lookup-Sheet'!$D:D) = "", ISNUMBER(SEARCH("CRQ",_xlfn.SINGLE(D:D )))), "",IFERROR(IFERROR(INDEX(B2B!$1:$1048576,MATCH(_xlfn.SINGLE('Lookup-Sheet'!$D:$D),B2B!$AD:$AD,0),MATCH(_xlfn.SINGLE('Lookup-Sheet'!$A$1:$M$1),B2B!$A$1:$AK$1,0)),INDEX('Link Shifting'!$1:$1048576,MATCH(_xlfn.SINGLE('Lookup-Sheet'!$D:$D),'Link Shifting'!$AC:$AC,0),MATCH(_xlfn.SINGLE('Lookup-Sheet'!$A$1:$M$1),'Link Shifting'!$A$1:$AD$1,0))), "No Data Found")) -> P2P
A12: =IF(OR(_xlfn.SINGLE('Lookup-Sheet'!$D:D) = "", ISNUMBER(SEARCH("CRQ",_xlfn.SINGLE(D:D )))), "",IFERROR(IFERROR(INDEX(B2B!$1:$1048576,MATCH(_xlfn.SINGLE('Lookup-Sheet'!$D:$D),B2B!$AD:$AD,0),MATCH(_xlfn.SINGLE('Lookup-Sheet'!$A$1:$M$1),B2B!$A$1:$AK$1,0)),INDEX('Link Shifting'!$1:$1048576,MATCH(_xlfn.SINGLE('Lookup-Sheet'!$D:$D),'Link Shifting'!$AC:$AC,0),MATCH(_xlfn.SINGLE('Lookup-Sheet'!$A$1:$M$1),'Link Shifting'!$A$1:$AD$1,0))), "No Data Found")) -> Active | B12: =IF(OR(_xlfn.SINGLE('Lookup-Sheet'!$D:D) = "", ISNUMBER(SEARCH("CRQ",_xlfn.SINGLE(D:D )))), "",IFERROR(IFERROR(INDEX(B2B!$1:$1048576,MATCH(_xlfn.SINGLE('Lookup-Sheet'!$D:$D),B2B!$AD:$AD,0),MATCH(_xlfn.SINGLE('Lookup-Sheet'!$A$1:$M$1),B2B!$A$1:$AK$1,0)),INDEX('Link Shifting'!$1:$1048576,MATCH(_xlfn.SINGLE('Lookup-Sheet'!$D:$D),'Link Shifting'!$AC:$AC,0),MATCH(_xlfn.SINGLE('Lookup-Sheet'!$A$1:$M$1),'Link Shifting'!$A$1:$AD$1,0))), "No Data Found")) -> 200 | C12: =IF(D:D="","",IF(ISNUMBER(SEARCH("CRQ",D:D)),D:D,C11)) -> CRQ: 1100196477 (11-JAN) | D12: 14331070 | E12: =IF(OR(_xlfn.SINGLE('Lookup-Sheet'!$D:D) = "", ISNUMBER(SEARCH("CRQ",_xlfn.SINGLE(D:D )))), "",IFERROR(IFERROR(INDEX(B2B!$1:$1048576,MATCH(_xlfn.SINGLE('Lookup-Sheet'!$D:$D),B2B!$AD:$AD,0),MATCH(_xlfn.SINGLE('Lookup-Sheet'!$A$1:$M$1),B2B!$A$1:$AK$1,0)),INDEX('Link Shifting'!$1:$1048576,MATCH(_xlfn.SINGLE('Lookup-Sheet'!$D:$D),'Link Shifting'!$AC:$AC,0),MATCH(_xlfn.SINGLE('Lookup-Sheet'!$A$1:$M$1),'Link Shifting'!$A$1:$AD$1,0))), "No Data Found")) -> MNK infowav | F12: =IF(OR(_xlfn.SINGLE('Lookup-Sheet'!$D:D) = "", ISNUMBER(SEARCH("CRQ",_xlfn.SINGLE(D:D )))), "",IFERROR(IFERROR(INDEX(B2B!$1:$1048576,MATCH(_xlfn.SINGLE('Lookup-Sheet'!$D:$D),B2B!$AD:$AD,0),MATCH(_xlfn.SINGLE('Lookup-Sheet'!$A$1:$M$1),B2B!$A$1:$AK$1,0)),INDEX('Link Shifting'!$1:$1048576,MATCH(_xlfn.SINGLE('Lookup-Sheet'!$D:$D),'Link Shifting'!$AC:$AC,0),MATCH(_xlfn.SINGLE('Lookup-Sheet'!$A$1:$M$1),'Link Shifting'!$A$1:$AD$1,0))), "No Data Found")) -> Mumbai | G12: =IF(OR(_xlfn.SINGLE('Lookup-Sheet'!$D:D) = "", ISNUMBER(SEARCH("CRQ",_xlfn.SINGLE(D:D )))), "",IFERROR(IFERROR(INDEX(B2B!$1:$1048576,MATCH(_xlfn.SINGLE('Lookup-Sheet'!$D:$D),B2B!$AD:$AD,0),MATCH(_xlfn.SINGLE('Lookup-Sheet'!$A$1:$M$1),B2B!$A$1:$AK$1,0)),INDEX('Link Shifting'!$1:$1048576,MATCH(_xlfn.SINGLE('Lookup-Sheet'!$D:$D),'Link Shifting'!$AC:$AC,0),MATCH(_xlfn.SINGLE('Lookup-Sheet'!$A$1:$M$1),'Link Shifting'!$A$1:$AD$1,0))), "No Data Found")) -> PURILA | H12: =IF(OR(_xlfn.SINGLE('Lookup-Sheet'!$D:D) = "", ISNUMBER(SEARCH("CRQ",_xlfn.SINGLE(D:D )))), "",IFERROR(IFERROR(INDEX(B2B!$1:$1048576,MATCH(_xlfn.SINGLE('Lookup-Sheet'!$D:$D),B2B!$AD:$AD,0),MATCH(_xlfn.SINGLE('Lookup-Sheet'!$A$1:$M$1),B2B!$A$1:$AK$1,0)),INDEX('Link Shifting'!$1:$1048576,MATCH(_xlfn.SINGLE('Lookup-Sheet'!$D:$D),'Link Shifting'!$AC:$AC,0),MATCH(_xlfn.SINGLE('Lookup-Sheet'!$A$1:$M$1),'Link Shifting'!$A$1:$AD$1,0))), "No Data Found")) -> MUM/XVS/901 | I12: =IF(OR(_xlfn.SINGLE('Lookup-Sheet'!$D:D) = "", ISNUMBER(SEARCH("CRQ",_xlfn.SINGLE(D:D )))), "",IFERROR(IFERROR(INDEX(B2B!$1:$1048576,MATCH(_xlfn.SINGLE('Lookup-Sheet'!$D:$D),B2B!$AD:$AD,0),MATCH(_xlfn.SINGLE('Lookup-Sheet'!$A$1:$M$1),B2B!$A$1:$AK$1,0)),INDEX('Link Shifting'!$1:$1048576,MATCH(_xlfn.SINGLE('Lookup-Sheet'!$D:$D),'Link Shifting'!$AC:$AC,0),MATCH(_xlfn.SINGLE('Lookup-Sheet'!$A$1:$M$1),'Link Shifting'!$A$1:$AD$1,0))), "No Data Found")) -> HUR/DPL/001 | J12: =IF(OR(_xlfn.SINGLE('Lookup-Sheet'!$D:D) = "", ISNUMBER(SEARCH("CRQ",_xlfn.SINGLE(D:D )))), "",IFERROR(IFERROR(INDEX(B2B!$1:$1048576,MATCH(_xlfn.SINGLE('Lookup-Sheet'!$D:$D),B2B!$AD:$AD,0),MATCH(_xlfn.SINGLE('Lookup-Sheet'!$A$1:$M$1),B2B!$A$1:$AK$1,0)),INDEX('Link Shifting'!$1:$1048576,MATCH(_xlfn.SINGLE('Lookup-Sheet'!$D:$D),'Link Shifting'!$AC:$AC,0),MATCH(_xlfn.SINGLE('Lookup-Sheet'!$A$1:$M$1),'Link Shifting'!$A$1:$AD$1,0))), "No Data Found")) -> MUM_XVS_901_26AC_B_CNCS540R1326 Te0/0/0/26.1022 | K12: =IF(OR(_xlfn.SINGLE('Lookup-Sheet'!$D:D) = "", ISNUMBER(SEARCH("CRQ",_xlfn.SINGLE(D:D )))), "",IFERROR(IFERROR(INDEX(B2B!$1:$1048576,MATCH(_xlfn.SINGLE('Lookup-Sheet'!$D:$D),B2B!$AD:$AD,0),MATCH(_xlfn.SINGLE('Lookup-Sheet'!$A$1:$M$1),B2B!$A$1:$AK$1,0)),INDEX('Link Shifting'!$1:$1048576,MATCH(_xlfn.SINGLE('Lookup-Sheet'!$D:$D),'Link Shifting'!$AC:$AC,0),MATCH(_xlfn.SINGLE('Lookup-Sheet'!$A$1:$M$1),'Link Shifting'!$A$1:$AD$1,0))), "No Data Found")) -> HUR_BCLWB_DPL_P_C78782 port 4 [req OTGBE] | L12: =IF(OR(_xlfn.SINGLE('Lookup-Sheet'!$D:D) = "", ISNUMBER(SEARCH("CRQ",_xlfn.SINGLE(D:D )))), "",IFERROR(IFERROR(INDEX(B2B!$1:$1048576,MATCH(_xlfn.SINGLE('Lookup-Sheet'!$D:$D),B2B!$AD:$AD,0),MATCH(_xlfn.SINGLE('Lookup-Sheet'!$A$1:$M$1),B2B!$A$1:$AK$1,0)),INDEX('Link Shifting'!$1:$1048576,MATCH(_xlfn.SINGLE('Lookup-Sheet'!$D:$D),'Link Shifting'!$AC:$AC,0),MATCH(_xlfn.SINGLE('Lookup-Sheet'!$A$1:$M$1),'Link Shifting'!$A$1:$AD$1,0))), "No Data Found")) -> Airtel | M12: =IF(OR(_xlfn.SINGLE('Lookup-Sheet'!$D:D) = "", ISNUMBER(SEARCH("CRQ",_xlfn.SINGLE(D:D )))), "",IFERROR(IFERROR(INDEX(B2B!$1:$1048576,MATCH(_xlfn.SINGLE('Lookup-Sheet'!$D:$D),B2B!$AD:$AD,0),MATCH(_xlfn.SINGLE('Lookup-Sheet'!$A$1:$M$1),B2B!$A$1:$AK$1,0)),INDEX('Link Shifting'!$1:$1048576,MATCH(_xlfn.SINGLE('Lookup-Sheet'!$D:$D),'Link Shifting'!$AC:$AC,0),MATCH(_xlfn.SINGLE('Lookup-Sheet'!$A$1:$M$1),'Link Shifting'!$A$1:$AD$1,0))), "No Data Found")) -> P2P
A13: =IF(OR(_xlfn.SINGLE('Lookup-Sheet'!$D:D) = "", ISNUMBER(SEARCH("CRQ",_xlfn.SINGLE(D:D )))), "",IFERROR(IFERROR(INDEX(B2B!$1:$1048576,MATCH(_xlfn.SINGLE('Lookup-Sheet'!$D:$D),B2B!$AD:$AD,0),MATCH(_xlfn.SINGLE('Lookup-Sheet'!$A$1:$M$1),B2B!$A$1:$AK$1,0)),INDEX('Link Shifting'!$1:$1048576,MATCH(_xlfn.SINGLE('Lookup-Sheet'!$D:$D),'Link Shifting'!$AC:$AC,0),MATCH(_xlfn.SINGLE('Lookup-Sheet'!$A$1:$M$1),'Link Shifting'!$A$1:$AD$1,0))), "No Data Found")) -> Active | B13: =IF(OR(_xlfn.SINGLE('Lookup-Sheet'!$D:D) = "", ISNUMBER(SEARCH("CRQ",_xlfn.SINGLE(D:D )))), "",IFERROR(IFERROR(INDEX(B2B!$1:$1048576,MATCH(_xlfn.SINGLE('Lookup-Sheet'!$D:$D),B2B!$AD:$AD,0),MATCH(_xlfn.SINGLE('Lookup-Sheet'!$A$1:$M$1),B2B!$A$1:$AK$1,0)),INDEX('Link Shifting'!$1:$1048576,MATCH(_xlfn.SINGLE('Lookup-Sheet'!$D:$D),'Link Shifting'!$AC:$AC,0),MATCH(_xlfn.SINGLE('Lookup-Sheet'!$A$1:$M$1),'Link Shifting'!$A$1:$AD$1,0))), "No Data Found")) -> 300 | C13: =IF(D:D="","",IF(ISNUMBER(SEARCH("CRQ",D:D)),D:D,C12)) -> CRQ: 1100196477 (11-JAN) | D13: 14331076 | E13: =IF(OR(_xlfn.SINGLE('Lookup-Sheet'!$D:D) = "", ISNUMBER(SEARCH("CRQ",_xlfn.SINGLE(D:D )))), "",IFERROR(IFERROR(INDEX(B2B!$1:$1048576,MATCH(_xlfn.SINGLE('Lookup-Sheet'!$D:$D),B2B!$AD:$AD,0),MATCH(_xlfn.SINGLE('Lookup-Sheet'!$A$1:$M$1),B2B!$A$1:$AK$1,0)),INDEX('Link Shifting'!$1:$1048576,MATCH(_xlfn.SINGLE('Lookup-Sheet'!$D:$D),'Link Shifting'!$AC:$AC,0),MATCH(_xlfn.SINGLE('Lookup-Sheet'!$A$1:$M$1),'Link Shifting'!$A$1:$AD$1,0))), "No Data Found")) -> MNK infowav | F13: =IF(OR(_xlfn.SINGLE('Lookup-Sheet'!$D:D) = "", ISNUMBER(SEARCH("CRQ",_xlfn.SINGLE(D:D )))), "",IFERROR(IFERROR(INDEX(B2B!$1:$1048576,MATCH(_xlfn.SINGLE('Lookup-Sheet'!$D:$D),B2B!$AD:$AD,0),MATCH(_xlfn.SINGLE('Lookup-Sheet'!$A$1:$M$1),B2B!$A$1:$AK$1,0)),INDEX('Link Shifting'!$1:$1048576,MATCH(_xlfn.SINGLE('Lookup-Sheet'!$D:$D),'Link Shifting'!$AC:$AC,0),MATCH(_xlfn.SINGLE('Lookup-Sheet'!$A$1:$M$1),'Link Shifting'!$A$1:$AD$1,0))), "No Data Found")) -> Mumbai | G13: =IF(OR(_xlfn.SINGLE('Lookup-Sheet'!$D:D) = "", ISNUMBER(SEARCH("CRQ",_xlfn.SINGLE(D:D )))), "",IFERROR(IFERROR(INDEX(B2B!$1:$1048576,MATCH(_xlfn.SINGLE('Lookup-Sheet'!$D:$D),B2B!$AD:$AD,0),MATCH(_xlfn.SINGLE('Lookup-Sheet'!$A$1:$M$1),B2B!$A$1:$AK$1,0)),INDEX('Link Shifting'!$1:$1048576,MATCH(_xlfn.SINGLE('Lookup-Sheet'!$D:$D),'Link Shifting'!$AC:$AC,0),MATCH(_xlfn.SINGLE('Lookup-Sheet'!$A$1:$M$1),'Link Shifting'!$A$1:$AD$1,0))), "No Data Found")) -> JORBUNGLWIFIND | H13: =IF(OR(_xlfn.SINGLE('Lookup-Sheet'!$D:D) = "", ISNUMBER(SEARCH("CRQ",_xlfn.SINGLE(D:D )))), "",IFERROR(IFERROR(INDEX(B2B!$1:$1048576,MATCH(_xlfn.SINGLE('Lookup-Sheet'!$D:$D),B2B!$AD:$AD,0),MATCH(_xlfn.SINGLE('Lookup-Sheet'!$A$1:$M$1),B2B!$A$1:$AK$1,0)),INDEX('Link Shifting'!$1:$1048576,MATCH(_xlfn.SINGLE('Lookup-Sheet'!$D:$D),'Link Shifting'!$AC:$AC,0),MATCH(_xlfn.SINGLE('Lookup-Sheet'!$A$1:$M$1),'Link Shifting'!$A$1:$AD$1,0))), "No Data Found")) -> MUM/XVS/901 | I13: =IF(OR(_xlfn.SINGLE('Lookup-Sheet'!$D:D) = "", ISNUMBER(SEARCH("CRQ",_xlfn.SINGLE(D:D )))), "",IFERROR(IFERROR(INDEX(B2B!$1:$1048576,MATCH(_xlfn.SINGLE('Lookup-Sheet'!$D:$D),B2B!$AD:$AD,0),MATCH(_xlfn.SINGLE('Lookup-Sheet'!$A$1:$M$1),B2B!$A$1:$AK$1,0)),INDEX('Link Shifting'!$1:$1048576,MATCH(_xlfn.SINGLE('Lookup-Sheet'!$D:$D),'Link Shifting'!$AC:$AC,0),MATCH(_xlfn.SINGLE('Lookup-Sheet'!$A$1:$M$1),'Link Shifting'!$A$1:$AD$1,0))), "No Data Found")) -> JOW/TNR/002 | J13: =IF(OR(_xlfn.SINGLE('Lookup-Sheet'!$D:D) = "", ISNUMBER(SEARCH("CRQ",_xlfn.SINGLE(D:D )))), "",IFERROR(IFERROR(INDEX(B2B!$1:$1048576,MATCH(_xlfn.SINGLE('Lookup-Sheet'!$D:$D),B2B!$AD:$AD,0),MATCH(_xlfn.SINGLE('Lookup-Sheet'!$A$1:$M$1),B2B!$A$1:$AK$1,0)),INDEX('Link Shifting'!$1:$1048576,MATCH(_xlfn.SINGLE('Lookup-Sheet'!$D:$D),'Link Shifting'!$AC:$AC,0),MATCH(_xlfn.SINGLE('Lookup-Sheet'!$A$1:$M$1),'Link Shifting'!$A$1:$AD$1,0))), "No Data Found")) -> MUM_XVS_901_26AC_B_CNCS540R1326 Te0/0/0/26.1024 | K13: =IF(OR(_xlfn.SINGLE('Lookup-Sheet'!$D:D) = "", ISNUMBER(SEARCH("CRQ",_xlfn.SINGLE(D:D )))), "",IFERROR(IFERROR(INDEX(B2B!$1:$1048576,MATCH(_xlfn.SINGLE('Lookup-Sheet'!$D:$D),B2B!$AD:$AD,0),MATCH(_xlfn.SINGLE('Lookup-Sheet'!$A$1:$M$1),B2B!$A$1:$AK$1,0)),INDEX('Link Shifting'!$1:$1048576,MATCH(_xlfn.SINGLE('Lookup-Sheet'!$D:$D),'Link Shifting'!$AC:$AC,0),MATCH(_xlfn.SINGLE('Lookup-Sheet'!$A$1:$M$1),'Link Shifting'!$A$1:$AD$1,0))), "No Data Found")) -> JOW_BCLWB_TNR_P_C63934 port 15 [req OTGBE] | L13: =IF(OR(_xlfn.SINGLE('Lookup-Sheet'!$D:D) = "", ISNUMBER(SEARCH("CRQ",_xlfn.SINGLE(D:D )))), "",IFERROR(IFERROR(INDEX(B2B!$1:$1048576,MATCH(_xlfn.SINGLE('Lookup-Sheet'!$D:$D),B2B!$AD:$AD,0),MATCH(_xlfn.SINGLE('Lookup-Sheet'!$A$1:$M$1),B2B!$A$1:$AK$1,0)),INDEX('Link Shifting'!$1:$1048576,MATCH(_xlfn.SINGLE('Lookup-Sheet'!$D:$D),'Link Shifting'!$AC:$AC,0),MATCH(_xlfn.SINGLE('Lookup-Sheet'!$A$1:$M$1),'Link Shifting'!$A$1:$AD$1,0))), "No Data Found")) -> Airtel | M13: =IF(OR(_xlfn.SINGLE('Lookup-Sheet'!$D:D) = "", ISNUMBER(SEARCH("CRQ",_xlfn.SINGLE(D:D )))), "",IFERROR(IFERROR(INDEX(B2B!$1:$1048576,MATCH(_xlfn.SINGLE('Lookup-Sheet'!$D:$D),B2B!$AD:$AD,0),MATCH(_xlfn.SINGLE('Lookup-Sheet'!$A$1:$M$1),B2B!$A$1:$AK$1,0)),INDEX('Link Shifting'!$1:$1048576,MATCH(_xlfn.SINGLE('Lookup-Sheet'!$D:$D),'Link Shifting'!$AC:$AC,0),MATCH(_xlfn.SINGLE('Lookup-Sheet'!$A$1:$M$1),'Link Shifting'!$A$1:$AD$1,0))), "No Data Found")) -> P2P
A14: =IF(OR(_xlfn.SINGLE('Lookup-Sheet'!$D:D) = "", ISNUMBER(SEARCH("CRQ",_xlfn.SINGLE(D:D )))), "",IFERROR(IFERROR(INDEX(B2B!$1:$1048576,MATCH(_xlfn.SINGLE('Lookup-Sheet'!$D:$D),B2B!$AD:$AD,0),MATCH(_xlfn.SINGLE('Lookup-Sheet'!$A$1:$M$1),B2B!$A$1:$AK$1,0)),INDEX('Link Shifting'!$1:$1048576,MATCH(_xlfn.SINGLE('Lookup-Sheet'!$D:$D),'Link Shifting'!$AC:$AC,0),MATCH(_xlfn.SINGLE('Lookup-Sheet'!$A$1:$M$1),'Link Shifting'!$A$1:$AD$1,0))), "No Data Found")) -> Active | B14: =IF(OR(_xlfn.SINGLE('Lookup-Sheet'!$D:D) = "", ISNUMBER(SEARCH("CRQ",_xlfn.SINGLE(D:D )))), "",IFERROR(IFERROR(INDEX(B2B!$1:$1048576,MATCH(_xlfn.SINGLE('Lookup-Sheet'!$D:$D),B2B!$AD:$AD,0),MATCH(_xlfn.SINGLE('Lookup-Sheet'!$A$1:$M$1),B2B!$A$1:$AK$1,0)),INDEX('Link Shifting'!$1:$1048576,MATCH(_xlfn.SINGLE('Lookup-Sheet'!$D:$D),'Link Shifting'!$AC:$AC,0),MATCH(_xlfn.SINGLE('Lookup-Sheet'!$A$1:$M$1),'Link Shifting'!$A$1:$AD$1,0))), "No Data Found")) -> 1100 | C14: =IF(D:D="","",IF(ISNUMBER(SEARCH("CRQ",D:D)),D:D,C13)) -> CRQ: 1100196477 (11-JAN) | D14: 14330955 | E14: =IF(OR(_xlfn.SINGLE('Lookup-Sheet'!$D:D) = "", ISNUMBER(SEARCH("CRQ",_xlfn.SINGLE(D:D )))), "",IFERROR(IFERROR(INDEX(B2B!$1:$1048576,MATCH(_xlfn.SINGLE('Lookup-Sheet'!$D:$D),B2B!$AD:$AD,0),MATCH(_xlfn.SINGLE('Lookup-Sheet'!$A$1:$M$1),B2B!$A$1:$AK$1,0)),INDEX('Link Shifting'!$1:$1048576,MATCH(_xlfn.SINGLE('Lookup-Sheet'!$D:$D),'Link Shifting'!$AC:$AC,0),MATCH(_xlfn.SINGLE('Lookup-Sheet'!$A$1:$M$1),'Link Shifting'!$A$1:$AD$1,0))), "No Data Found")) -> MNK infowav | F14: =IF(OR(_xlfn.SINGLE('Lookup-Sheet'!$D:D) = "", ISNUMBER(SEARCH("CRQ",_xlfn.SINGLE(D:D )))), "",IFERROR(IFERROR(INDEX(B2B!$1:$1048576,MATCH(_xlfn.SINGLE('Lookup-Sheet'!$D:$D),B2B!$AD:$AD,0),MATCH(_xlfn.SINGLE('Lookup-Sheet'!$A$1:$M$1),B2B!$A$1:$AK$1,0)),INDEX('Link Shifting'!$1:$1048576,MATCH(_xlfn.SINGLE('Lookup-Sheet'!$D:$D),'Link Shifting'!$AC:$AC,0),MATCH(_xlfn.SINGLE('Lookup-Sheet'!$A$1:$M$1),'Link Shifting'!$A$1:$AD$1,0))), "No Data Found")) -> Mumbai | G14: =IF(OR(_xlfn.SINGLE('Lookup-Sheet'!$D:D) = "", ISNUMBER(SEARCH("CRQ",_xlfn.SINGLE(D:D )))), "",IFERROR(IFERROR(INDEX(B2B!$1:$1048576,MATCH(_xlfn.SINGLE('Lookup-Sheet'!$D:$D),B2B!$AD:$AD,0),MATCH(_xlfn.SINGLE('Lookup-Sheet'!$A$1:$M$1),B2B!$A$1:$AK$1,0)),INDEX('Link Shifting'!$1:$1048576,MATCH(_xlfn.SINGLE('Lookup-Sheet'!$D:$D),'Link Shifting'!$AC:$AC,0),MATCH(_xlfn.SINGLE('Lookup-Sheet'!$A$1:$M$1),'Link Shifting'!$A$1:$AD$1,0))), "No Data Found")) -> BHAGBANGOLA | H14: =IF(OR(_xlfn.SINGLE('Lookup-Sheet'!$D:D) = "", ISNUMBER(SEARCH("CRQ",_xlfn.SINGLE(D:D )))), "",IFERROR(IFERROR(INDEX(B2B!$1:$1048576,MATCH(_xlfn.SINGLE('Lookup-Sheet'!$D:$D),B2B!$AD:$AD,0),MATCH(_xlfn.SINGLE('Lookup-Sheet'!$A$1:$M$1),B2B!$A$1:$AK$1,0)),INDEX('Link Shifting'!$1:$1048576,MATCH(_xlfn.SINGLE('Lookup-Sheet'!$D:$D),'Link Shifting'!$AC:$AC,0),MATCH(_xlfn.SINGLE('Lookup-Sheet'!$A$1:$M$1),'Link Shifting'!$A$1:$AD$1,0))), "No Data Found")) -> MUM/XVS/901 | I14: =IF(OR(_xlfn.SINGLE('Lookup-Sheet'!$D:D) = "", ISNUMBER(SEARCH("CRQ",_xlfn.SINGLE(D:D )))), "",IFERROR(IFERROR(INDEX(B2B!$1:$1048576,MATCH(_xlfn.SINGLE('Lookup-Sheet'!$D:$D),B2B!$AD:$AD,0),MATCH(_xlfn.SINGLE('Lookup-Sheet'!$A$1:$M$1),B2B!$A$1:$AK$1,0)),INDEX('Link Shifting'!$1:$1048576,MATCH(_xlfn.SINGLE('Lookup-Sheet'!$D:$D),'Link Shifting'!$AC:$AC,0),MATCH(_xlfn.SINGLE('Lookup-Sheet'!$A$1:$M$1),'Link Shifting'!$A$1:$AD$1,0))), "No Data Found")) -> BHB/VMJ/001 | J14: =IF(OR(_xlfn.SINGLE('Lookup-Sheet'!$D:D) = "", ISNUMBER(SEARCH("CRQ",_xlfn.SINGLE(D:D )))), "",IFERROR(IFERROR(INDEX(B2B!$1:$1048576,MATCH(_xlfn.SINGLE('Lookup-Sheet'!$D:$D),B2B!$AD:$AD,0),MATCH(_xlfn.SINGLE('Lookup-Sheet'!$A$1:$M$1),B2B!$A$1:$AK$1,0)),INDEX('Link Shifting'!$1:$1048576,MATCH(_xlfn.SINGLE('Lookup-Sheet'!$D:$D),'Link Shifting'!$AC:$AC,0),MATCH(_xlfn.SINGLE('Lookup-Sheet'!$A$1:$M$1),'Link Shifting'!$A$1:$AD$1,0))), "No Data Found")) -> MUM_XVS_901_26AC_B_CNCS540R1326-Te0/0/0/26.1003 | K14: =IF(OR(_xlfn.SINGLE('Lookup-Sheet'!$D:D) = "", ISNUMBER(SEARCH("CRQ",_xlfn.SINGLE(D:D )))), "",IFERROR(IFERROR(INDEX(B2B!$1:$1048576,MATCH(_xlfn.SINGLE('Lookup-Sheet'!$D:$D),B2B!$AD:$AD,0),MATCH(_xlfn.SINGLE('Lookup-Sheet'!$A$1:$M$1),B2B!$A$1:$AK$1,0)),INDEX('Link Shifting'!$1:$1048576,MATCH(_xlfn.SINGLE('Lookup-Sheet'!$D:$D),'Link Shifting'!$AC:$AC,0),MATCH(_xlfn.SINGLE('Lookup-Sheet'!$A$1:$M$1),'Link Shifting'!$A$1:$AD$1,0))), "No Data Found")) -> BHB-WB-VMJ-T4-CR8.26# TenGigE0/0/0/8 | L14: =IF(OR(_xlfn.SINGLE('Lookup-Sheet'!$D:D) = "", ISNUMBER(SEARCH("CRQ",_xlfn.SINGLE(D:D )))), "",IFERROR(IFERROR(INDEX(B2B!$1:$1048576,MATCH(_xlfn.SINGLE('Lookup-Sheet'!$D:$D),B2B!$AD:$AD,0),MATCH(_xlfn.SINGLE('Lookup-Sheet'!$A$1:$M$1),B2B!$A$1:$AK$1,0)),INDEX('Link Shifting'!$1:$1048576,MATCH(_xlfn.SINGLE('Lookup-Sheet'!$D:$D),'Link Shifting'!$AC:$AC,0),MATCH(_xlfn.SINGLE('Lookup-Sheet'!$A$1:$M$1),'Link Shifting'!$A$1:$AD$1,0))), "No Data Found")) -> Airtel | M14: =IF(OR(_xlfn.SINGLE('Lookup-Sheet'!$D:D) = "", ISNUMBER(SEARCH("CRQ",_xlfn.SINGLE(D:D )))), "",IFERROR(IFERROR(INDEX(B2B!$1:$1048576,MATCH(_xlfn.SINGLE('Lookup-Sheet'!$D:$D),B2B!$AD:$AD,0),MATCH(_xlfn.SINGLE('Lookup-Sheet'!$A$1:$M$1),B2B!$A$1:$AK$1,0)),INDEX('Link Shifting'!$1:$1048576,MATCH(_xlfn.SINGLE('Lookup-Sheet'!$D:$D),'Link Shifting'!$AC:$AC,0),MATCH(_xlfn.SINGLE('Lookup-Sheet'!$A$1:$M$1),'Link Shifting'!$A$1:$AD$1,0))), "No Data Found")) -> P2P
A15: =IF(OR(_xlfn.SINGLE('Lookup-Sheet'!$D:D) = "", ISNUMBER(SEARCH("CRQ",_xlfn.SINGLE(D:D )))), "",IFERROR(IFERROR(INDEX(B2B!$1:$1048576,MATCH(_xlfn.SINGLE('Lookup-Sheet'!$D:$D),B2B!$AD:$AD,0),MATCH(_xlfn.SINGLE('Lookup-Sheet'!$A$1:$M$1),B2B!$A$1:$AK$1,0)),INDEX('Link Shifting'!$1:$1048576,MATCH(_xlfn.SINGLE('Lookup-Sheet'!$D:$D),'Link Shifting'!$AC:$AC,0),MATCH(_xlfn.SINGLE('Lookup-Sheet'!$A$1:$M$1),'Link Shifting'!$A$1:$AD$1,0))), "No Data Found")) -> Inactive | B15: =IF(OR(_xlfn.SINGLE('Lookup-Sheet'!$D:D) = "", ISNUMBER(SEARCH("CRQ",_xlfn.SINGLE(D:D )))), "",IFERROR(IFERROR(INDEX(B2B!$1:$1048576,MATCH(_xlfn.SINGLE('Lookup-Sheet'!$D:$D),B2B!$AD:$AD,0),MATCH(_xlfn.SINGLE('Lookup-Sheet'!$A$1:$M$1),B2B!$A$1:$AK$1,0)),INDEX('Link Shifting'!$1:$1048576,MATCH(_xlfn.SINGLE('Lookup-Sheet'!$D:$D),'Link Shifting'!$AC:$AC,0),MATCH(_xlfn.SINGLE('Lookup-Sheet'!$A$1:$M$1),'Link Shifting'!$A$1:$AD$1,0))), "No Data Found")) -> 2000 | C15: =IF(D:D="","",IF(ISNUMBER(SEARCH("CRQ",D:D)),D:D,C14)) -> CRQ: 1100196477 (11-JAN) | D15: 14248976 | E15: =IF(OR(_xlfn.SINGLE('Lookup-Sheet'!$D:D) = "", ISNUMBER(SEARCH("CRQ",_xlfn.SINGLE(D:D )))), "",IFERROR(IFERROR(INDEX(B2B!$1:$1048576,MATCH(_xlfn.SINGLE('Lookup-Sheet'!$D:$D),B2B!$AD:$AD,0),MATCH(_xlfn.SINGLE('Lookup-Sheet'!$A$1:$M$1),B2B!$A$1:$AK$1,0)),INDEX('Link Shifting'!$1:$1048576,MATCH(_xlfn.SINGLE('Lookup-Sheet'!$D:$D),'Link Shifting'!$AC:$AC,0),MATCH(_xlfn.SINGLE('Lookup-Sheet'!$A$1:$M$1),'Link Shifting'!$A$1:$AD$1,0))), "No Data Found")) -> MEGATEL NETWORKS PVT LTD | F15: =IF(OR(_xlfn.SINGLE('Lookup-Sheet'!$D:D) = "", ISNUMBER(SEARCH("CRQ",_xlfn.SINGLE(D:D )))), "",IFERROR(IFERROR(INDEX(B2B!$1:$1048576,MATCH(_xlfn.SINGLE('Lookup-Sheet'!$D:$D),B2B!$AD:$AD,0),MATCH(_xlfn.SINGLE('Lookup-Sheet'!$A$1:$M$1),B2B!$A$1:$AK$1,0)),INDEX('Link Shifting'!$1:$1048576,MATCH(_xlfn.SINGLE('Lookup-Sheet'!$D:$D),'Link Shifting'!$AC:$AC,0),MATCH(_xlfn.SINGLE('Lookup-Sheet'!$A$1:$M$1),'Link Shifting'!$A$1:$AD$1,0))), "No Data Found")) -> Mumbai | G15: =IF(OR(_xlfn.SINGLE('Lookup-Sheet'!$D:D) = "", ISNUMBER(SEARCH("CRQ",_xlfn.SINGLE(D:D )))), "",IFERROR(IFERROR(INDEX(B2B!$1:$1048576,MATCH(_xlfn.SINGLE('Lookup-Sheet'!$D:$D),B2B!$AD:$AD,0),MATCH(_xlfn.SINGLE('Lookup-Sheet'!$A$1:$M$1),B2B!$A$1:$AK$1,0)),INDEX('Link Shifting'!$1:$1048576,MATCH(_xlfn.SINGLE('Lookup-Sheet'!$D:$D),'Link Shifting'!$AC:$AC,0),MATCH(_xlfn.SINGLE('Lookup-Sheet'!$A$1:$M$1),'Link Shifting'!$A$1:$AD$1,0))), "No Data Found")) -> Haldia | H15: =IF(OR(_xlfn.SINGLE('Lookup-Sheet'!$D:D) = "", ISNUMBER(SEARCH("CRQ",_xlfn.SINGLE(D:D )))), "",IFERROR(IFERROR(INDEX(B2B!$1:$1048576,MATCH(_xlfn.SINGLE('Lookup-Sheet'!$D:$D),B2B!$AD:$AD,0),MATCH(_xlfn.SINGLE('Lookup-Sheet'!$A$1:$M$1),B2B!$A$1:$AK$1,0)),INDEX('Link Shifting'!$1:$1048576,MATCH(_xlfn.SINGLE('Lookup-Sheet'!$D:$D),'Link Shifting'!$AC:$AC,0),MATCH(_xlfn.SINGLE('Lookup-Sheet'!$A$1:$M$1),'Link Shifting'!$A$1:$AD$1,0))), "No Data Found")) -> MUM/XVS/901 | I15: =IF(OR(_xlfn.SINGLE('Lookup-Sheet'!$D:D) = "", ISNUMBER(SEARCH("CRQ",_xlfn.SINGLE(D:D )))), "",IFERROR(IFERROR(INDEX(B2B!$1:$1048576,MATCH(_xlfn.SINGLE('Lookup-Sheet'!$D:$D),B2B!$AD:$AD,0),MATCH(_xlfn.SINGLE('Lookup-Sheet'!$A$1:$M$1),B2B!$A$1:$AK$1,0)),INDEX('Link Shifting'!$1:$1048576,MATCH(_xlfn.SINGLE('Lookup-Sheet'!$D:$D),'Link Shifting'!$AC:$AC,0),MATCH(_xlfn.SINGLE('Lookup-Sheet'!$A$1:$M$1),'Link Shifting'!$A$1:$AD$1,0))), "No Data Found")) -> HLD/DCK/001 | J15: =IF(OR(_xlfn.SINGLE('Lookup-Sheet'!$D:D) = "", ISNUMBER(SEARCH("CRQ",_xlfn.SINGLE(D:D )))), "",IFERROR(IFERROR(INDEX(B2B!$1:$1048576,MATCH(_xlfn.SINGLE('Lookup-Sheet'!$D:$D),B2B!$AD:$AD,0),MATCH(_xlfn.SINGLE('Lookup-Sheet'!$A$1:$M$1),B2B!$A$1:$AK$1,0)),INDEX('Link Shifting'!$1:$1048576,MATCH(_xlfn.SINGLE('Lookup-Sheet'!$D:$D),'Link Shifting'!$AC:$AC,0),MATCH(_xlfn.SINGLE('Lookup-Sheet'!$A$1:$M$1),'Link Shifting'!$A$1:$AD$1,0))), "No Data Found")) -> MUM_XVS_901_25AC_B_CNCS540R1326#sh l2v xc int TenGigE0/0/0/15.1044 | K15: =IF(OR(_xlfn.SINGLE('Lookup-Sheet'!$D:D) = "", ISNUMBER(SEARCH("CRQ",_xlfn.SINGLE(D:D )))), "",IFERROR(IFERROR(INDEX(B2B!$1:$1048576,MATCH(_xlfn.SINGLE('Lookup-Sheet'!$D:$D),B2B!$AD:$AD,0),MATCH(_xlfn.SINGLE('Lookup-Sheet'!$A$1:$M$1),B2B!$A$1:$AK$1,0)),INDEX('Link Shifting'!$1:$1048576,MATCH(_xlfn.SINGLE('Lookup-Sheet'!$D:$D),'Link Shifting'!$AC:$AC,0),MATCH(_xlfn.SINGLE('Lookup-Sheet'!$A$1:$M$1),'Link Shifting'!$A$1:$AD$1,0))), "No Data Found")) -> HLD_BCLWB_DCK_P_C76834 Port 12 (Existing Port) | L15: =IF(OR(_xlfn.SINGLE('Lookup-Sheet'!$D:D) = "", ISNUMBER(SEARCH("CRQ",_xlfn.SINGLE(D:D )))), "",IFERROR(IFERROR(INDEX(B2B!$1:$1048576,MATCH(_xlfn.SINGLE('Lookup-Sheet'!$D:$D),B2B!$AD:$AD,0),MATCH(_xlfn.SINGLE('Lookup-Sheet'!$A$1:$M$1),B2B!$A$1:$AK$1,0)),INDEX('Link Shifting'!$1:$1048576,MATCH(_xlfn.SINGLE('Lookup-Sheet'!$D:$D),'Link Shifting'!$AC:$AC,0),MATCH(_xlfn.SINGLE('Lookup-Sheet'!$A$1:$M$1),'Link Shifting'!$A$1:$AD$1,0))), "No Data Found")) -> Airtel | M15: =IF(OR(_xlfn.SINGLE('Lookup-Sheet'!$D:D) = "", ISNUMBER(SEARCH("CRQ",_xlfn.SINGLE(D:D )))), "",IFERROR(IFERROR(INDEX(B2B!$1:$1048576,MATCH(_xlfn.SINGLE('Lookup-Sheet'!$D:$D),B2B!$AD:$AD,0),MATCH(_xlfn.SINGLE('Lookup-Sheet'!$A$1:$M$1),B2B!$A$1:$AK$1,0)),INDEX('Link Shifting'!$1:$1048576,MATCH(_xlfn.SINGLE('Lookup-Sheet'!$D:$D),'Link Shifting'!$AC:$AC,0),MATCH(_xlfn.SINGLE('Lookup-Sheet'!$A$1:$M$1),'Link Shifting'!$A$1:$AD$1,0))), "No Data Found")) -> P2P
A16: =IF(OR(_xlfn.SINGLE('Lookup-Sheet'!$D:D) = "", ISNUMBER(SEARCH("CRQ",_xlfn.SINGLE(D:D )))), "",IFERROR(IFERROR(INDEX(B2B!$1:$1048576,MATCH(_xlfn.SINGLE('Lookup-Sheet'!$D:$D),B2B!$AD:$AD,0),MATCH(_xlfn.SINGLE('Lookup-Sheet'!$A$1:$M$1),B2B!$A$1:$AK$1,0)),INDEX('Link Shifting'!$1:$1048576,MATCH(_xlfn.SINGLE('Lookup-Sheet'!$D:$D),'Link Shifting'!$AC:$AC,0),MATCH(_xlfn.SINGLE('Lookup-Sheet'!$A$1:$M$1),'Link Shifting'!$A$1:$AD$1,0))), "No Data Found")) | B16: =IF(OR(_xlfn.SINGLE('Lookup-Sheet'!$D:D) = "", ISNUMBER(SEARCH("CRQ",_xlfn.SINGLE(D:D )))), "",IFERROR(IFERROR(INDEX(B2B!$1:$1048576,MATCH(_xlfn.SINGLE('Lookup-Sheet'!$D:$D),B2B!$AD:$AD,0),MATCH(_xlfn.SINGLE('Lookup-Sheet'!$A$1:$M$1),B2B!$A$1:$AK$1,0)),INDEX('Link Shifting'!$1:$1048576,MATCH(_xlfn.SINGLE('Lookup-Sheet'!$D:$D),'Link Shifting'!$AC:$AC,0),MATCH(_xlfn.SINGLE('Lookup-Sheet'!$A$1:$M$1),'Link Shifting'!$A$1:$AD$1,0))), "No Data Found")) | C16: =IF(D:D="","",IF(ISNUMBER(SEARCH("CRQ",D:D)),D:D,C15)) | E16: =IF(OR(_xlfn.SINGLE('Lookup-Sheet'!$D:D) = "", ISNUMBER(SEARCH("CRQ",_xlfn.SINGLE(D:D )))), "",IFERROR(IFERROR(INDEX(B2B!$1:$1048576,MATCH(_xlfn.SINGLE('Lookup-Sheet'!$D:$D),B2B!$AD:$AD,0),MATCH(_xlfn.SINGLE('Lookup-Sheet'!$A$1:$M$1),B2B!$A$1:$AK$1,0)),INDEX('Link Shifting'!$1:$1048576,MATCH(_xlfn.SINGLE('Lookup-Sheet'!$D:$D),'Link Shifting'!$AC:$AC,0),MATCH(_xlfn.SINGLE('Lookup-Sheet'!$A$1:$M$1),'Link Shifting'!$A$1:$AD$1,0))), "No Data Found")) | F16: =IF(OR(_xlfn.SINGLE('Lookup-Sheet'!$D:D) = "", ISNUMBER(SEARCH("CRQ",_xlfn.SINGLE(D:D )))), "",IFERROR(IFERROR(INDEX(B2B!$1:$1048576,MATCH(_xlfn.SINGLE('Lookup-Sheet'!$D:$D),B2B!$AD:$AD,0),MATCH(_xlfn.SINGLE('Lookup-Sheet'!$A$1:$M$1),B2B!$A$1:$AK$1,0)),INDEX('Link Shifting'!$1:$1048576,MATCH(_xlfn.SINGLE('Lookup-Sheet'!$D:$D),'Link Shifting'!$AC:$AC,0),MATCH(_xlfn.SINGLE('Lookup-Sheet'!$A$1:$M$1),'Link Shifting'!$A$1:$AD$1,0))), "No Data Found")) | G16: =IF(OR(_xlfn.SINGLE('Lookup-Sheet'!$D:D) = "", ISNUMBER(SEARCH("CRQ",_xlfn.SINGLE(D:D )))), "",IFERROR(IFERROR(INDEX(B2B!$1:$1048576,MATCH(_xlfn.SINGLE('Lookup-Sheet'!$D:$D),B2B!$AD:$AD,0),MATCH(_xlfn.SINGLE('Lookup-Sheet'!$A$1:$M$1),B2B!$A$1:$AK$1,0)),INDEX('Link Shifting'!$1:$1048576,MATCH(_xlfn.SINGLE('Lookup-Sheet'!$D:$D),'Link Shifting'!$AC:$AC,0),MATCH(_xlfn.SINGLE('Lookup-Sheet'!$A$1:$M$1),'Link Shifting'!$A$1:$AD$1,0))), "No Data Found")) | H16: =IF(OR(_xlfn.SINGLE('Lookup-Sheet'!$D:D) = "", ISNUMBER(SEARCH("CRQ",_xlfn.SINGLE(D:D )))), "",IFERROR(IFERROR(INDEX(B2B!$1:$1048576,MATCH(_xlfn.SINGLE('Lookup-Sheet'!$D:$D),B2B!$AD:$AD,0),MATCH(_xlfn.SINGLE('Lookup-Sheet'!$A$1:$M$1),B2B!$A$1:$AK$1,0)),INDEX('Link Shifting'!$1:$1048576,MATCH(_xlfn.SINGLE('Lookup-Sheet'!$D:$D),'Link Shifting'!$AC:$AC,0),MATCH(_xlfn.SINGLE('Lookup-Sheet'!$A$1:$M$1),'Link Shifting'!$A$1:$AD$1,0))), "No Data Found")) | I16: =IF(OR(_xlfn.SINGLE('Lookup-Sheet'!$D:D) = "", ISNUMBER(SEARCH("CRQ",_xlfn.SINGLE(D:D )))), "",IFERROR(IFERROR(INDEX(B2B!$1:$1048576,MATCH(_xlfn.SINGLE('Lookup-Sheet'!$D:$D),B2B!$AD:$AD,0),MATCH(_xlfn.SINGLE('Lookup-Sheet'!$A$1:$M$1),B2B!$A$1:$AK$1,0)),INDEX('Link Shifting'!$1:$1048576,MATCH(_xlfn.SINGLE('Lookup-Sheet'!$D:$D),'Link Shifting'!$AC:$AC,0),MATCH(_xlfn.SINGLE('Lookup-Sheet'!$A$1:$M$1),'Link Shifting'!$A$1:$AD$1,0))), "No Data Found")) | J16: =IF(OR(_xlfn.SINGLE('Lookup-Sheet'!$D:D) = "", ISNUMBER(SEARCH("CRQ",_xlfn.SINGLE(D:D )))), "",IFERROR(IFERROR(INDEX(B2B!$1:$1048576,MATCH(_xlfn.SINGLE('Lookup-Sheet'!$D:$D),B2B!$AD:$AD,0),MATCH(_xlfn.SINGLE('Lookup-Sheet'!$A$1:$M$1),B2B!$A$1:$AK$1,0)),INDEX('Link Shifting'!$1:$1048576,MATCH(_xlfn.SINGLE('Lookup-Sheet'!$D:$D),'Link Shifting'!$AC:$AC,0),MATCH(_xlfn.SINGLE('Lookup-Sheet'!$A$1:$M$1),'Link Shifting'!$A$1:$AD$1,0))), "No Data Found")) | K16: =IF(OR(_xlfn.SINGLE('Lookup-Sheet'!$D:D) = "", ISNUMBER(SEARCH("CRQ",_xlfn.SINGLE(D:D )))), "",IFERROR(IFERROR(INDEX(B2B!$1:$1048576,MATCH(_xlfn.SINGLE('Lookup-Sheet'!$D:$D),B2B!$AD:$AD,0),MATCH(_xlfn.SINGLE('Lookup-Sheet'!$A$1:$M$1),B2B!$A$1:$AK$1,0)),INDEX('Link Shifting'!$1:$1048576,MATCH(_xlfn.SINGLE('Lookup-Sheet'!$D:$D),'Link Shifting'!$AC:$AC,0),MATCH(_xlfn.SINGLE('Lookup-Sheet'!$A$1:$M$1),'Link Shifting'!$A$1:$AD$1,0))), "No Data Found")) | L16: =IF(OR(_xlfn.SINGLE('Lookup-Sheet'!$D:D) = "", ISNUMBER(SEARCH("CRQ",_xlfn.SINGLE(D:D )))), "",IFERROR(IFERROR(INDEX(B2B!$1:$1048576,MATCH(_xlfn.SINGLE('Lookup-Sheet'!$D:$D),B2B!$AD:$AD,0),MATCH(_xlfn.SINGLE('Lookup-Sheet'!$A$1:$M$1),B2B!$A$1:$AK$1,0)),INDEX('Link Shifting'!$1:$1048576,MATCH(_xlfn.SINGLE('Lookup-Sheet'!$D:$D),'Link Shifting'!$AC:$AC,0),MATCH(_xlfn.SINGLE('Lookup-Sheet'!$A$1:$M$1),'Link Shifting'!$A$1:$AD$1,0))), "No Data Found")) | M16: =IF(OR(_xlfn.SINGLE('Lookup-Sheet'!$D:D) = "", ISNUMBER(SEARCH("CRQ",_xlfn.SINGLE(D:D )))), "",IFERROR(IFERROR(INDEX(B2B!$1:$1048576,MATCH(_xlfn.SINGLE('Lookup-Sheet'!$D:$D),B2B!$AD:$AD,0),MATCH(_xlfn.SINGLE('Lookup-Sheet'!$A$1:$M$1),B2B!$A$1:$AK$1,0)),INDEX('Link Shifting'!$1:$1048576,MATCH(_xlfn.SINGLE('Lookup-Sheet'!$D:$D),'Link Shifting'!$AC:$AC,0),MATCH(_xlfn.SINGLE('Lookup-Sheet'!$A$1:$M$1),'Link Shifting'!$A$1:$AD$1,0))), "No Data Found"))
A17: =IF(OR(_xlfn.SINGLE('Lookup-Sheet'!$D:D) = "", ISNUMBER(SEARCH("CRQ",_xlfn.SINGLE(D:D )))), "",IFERROR(IFERROR(INDEX(B2B!$1:$1048576,MATCH(_xlfn.SINGLE('Lookup-Sheet'!$D:$D),B2B!$AD:$AD,0),MATCH(_xlfn.SINGLE('Lookup-Sheet'!$A$1:$M$1),B2B!$A$1:$AK$1,0)),INDEX('Link Shifting'!$1:$1048576,MATCH(_xlfn.SINGLE('Lookup-Sheet'!$D:$D),'Link Shifting'!$AC:$AC,0),MATCH(_xlfn.SINGLE('Lookup-Sheet'!$A$1:$M$1),'Link Shifting'!$A$1:$AD$1,0))), "No Data Found")) | B17: =IF(OR(_xlfn.SINGLE('Lookup-Sheet'!$D:D) = "", ISNUMBER(SEARCH("CRQ",_xlfn.SINGLE(D:D )))), "",IFERROR(IFERROR(INDEX(B2B!$1:$1048576,MATCH(_xlfn.SINGLE('Lookup-Sheet'!$D:$D),B2B!$AD:$AD,0),MATCH(_xlfn.SINGLE('Lookup-Sheet'!$A$1:$M$1),B2B!$A$1:$AK$1,0)),INDEX('Link Shifting'!$1:$1048576,MATCH(_xlfn.SINGLE('Lookup-Sheet'!$D:$D),'Link Shifting'!$AC:$AC,0),MATCH(_xlfn.SINGLE('Lookup-Sheet'!$A$1:$M$1),'Link Shifting'!$A$1:$AD$1,0))), "No Data Found")) | C17: =IF(D:D="","",IF(ISNUMBER(SEARCH("CRQ",D:D)),D:D,C16)) -> CRQ: 1100196646 (16-JAN) | D17: CRQ: 1100196646 (16-JAN) | E17: =IF(OR(_xlfn.SINGLE('Lookup-Sheet'!$D:D) = "", ISNUMBER(SEARCH("CRQ",_xlfn.SINGLE(D:D )))), "",IFERROR(IFERROR(INDEX(B2B!$1:$1048576,MATCH(_xlfn.SINGLE('Lookup-Sheet'!$D:$D),B2B!$AD:$AD,0),MATCH(_xlfn.SINGLE('Lookup-Sheet'!$A$1:$M$1),B2B!$A$1:$AK$1,0)),INDEX('Link Shifting'!$1:$1048576,MATCH(_xlfn.SINGLE('Lookup-Sheet'!$D:$D),'Link Shifting'!$AC:$AC,0),MATCH(_xlfn.SINGLE('Lookup-Sheet'!$A$1:$M$1),'Link Shifting'!$A$1:$AD$1,0))), "No Data Found")) | F17: =IF(OR(_xlfn.SINGLE('Lookup-Sheet'!$D:D) = "", ISNUMBER(SEARCH("CRQ",_xlfn.SINGLE(D:D )))), "",IFERROR(IFERROR(INDEX(B2B!$1:$1048576,MATCH(_xlfn.SINGLE('Lookup-Sheet'!$D:$D),B2B!$AD:$AD,0),MATCH(_xlfn.SINGLE('Lookup-Sheet'!$A$1:$M$1),B2B!$A$1:$AK$1,0)),INDEX('Link Shifting'!$1:$1048576,MATCH(_xlfn.SINGLE('Lookup-Sheet'!$D:$D),'Link Shifting'!$AC:$AC,0),MATCH(_xlfn.SINGLE('Lookup-Sheet'!$A$1:$M$1),'Link Shifting'!$A$1:$AD$1,0))), "No Data Found")) | G17: =IF(OR(_xlfn.SINGLE('Lookup-Sheet'!$D:D) = "", ISNUMBER(SEARCH("CRQ",_xlfn.SINGLE(D:D )))), "",IFERROR(IFERROR(INDEX(B2B!$1:$1048576,MATCH(_xlfn.SINGLE('Lookup-Sheet'!$D:$D),B2B!$AD:$AD,0),MATCH(_xlfn.SINGLE('Lookup-Sheet'!$A$1:$M$1),B2B!$A$1:$AK$1,0)),INDEX('Link Shifting'!$1:$1048576,MATCH(_xlfn.SINGLE('Lookup-Sheet'!$D:$D),'Link Shifting'!$AC:$AC,0),MATCH(_xlfn.SINGLE('Lookup-Sheet'!$A$1:$M$1),'Link Shifting'!$A$1:$AD$1,0))), "No Data Found")) | H17: =IF(OR(_xlfn.SINGLE('Lookup-Sheet'!$D:D) = "", ISNUMBER(SEARCH("CRQ",_xlfn.SINGLE(D:D )))), "",IFERROR(IFERROR(INDEX(B2B!$1:$1048576,MATCH(_xlfn.SINGLE('Lookup-Sheet'!$D:$D),B2B!$AD:$AD,0),MATCH(_xlfn.SINGLE('Lookup-Sheet'!$A$1:$M$1),B2B!$A$1:$AK$1,0)),INDEX('Link Shifting'!$1:$1048576,MATCH(_xlfn.SINGLE('Lookup-Sheet'!$D:$D),'Link Shifting'!$AC:$AC,0),MATCH(_xlfn.SINGLE('Lookup-Sheet'!$A$1:$M$1),'Link Shifting'!$A$1:$AD$1,0))), "No Data Found")) | I17: =IF(OR(_xlfn.SINGLE('Lookup-Sheet'!$D:D) = "", ISNUMBER(SEARCH("CRQ",_xlfn.SINGLE(D:D )))), "",IFERROR(IFERROR(INDEX(B2B!$1:$1048576,MATCH(_xlfn.SINGLE('Lookup-Sheet'!$D:$D),B2B!$AD:$AD,0),MATCH(_xlfn.SINGLE('Lookup-Sheet'!$A$1:$M$1),B2B!$A$1:$AK$1,0)),INDEX('Link Shifting'!$1:$1048576,MATCH(_xlfn.SINGLE('Lookup-Sheet'!$D:$D),'Link Shifting'!$AC:$AC,0),MATCH(_xlfn.SINGLE('Lookup-Sheet'!$A$1:$M$1),'Link Shifting'!$A$1:$AD$1,0))), "No Data Found")) | J17: =IF(OR(_xlfn.SINGLE('Lookup-Sheet'!$D:D) = "", ISNUMBER(SEARCH("CRQ",_xlfn.SINGLE(D:D )))), "",IFERROR(IFERROR(INDEX(B2B!$1:$1048576,MATCH(_xlfn.SINGLE('Lookup-Sheet'!$D:$D),B2B!$AD:$AD,0),MATCH(_xlfn.SINGLE('Lookup-Sheet'!$A$1:$M$1),B2B!$A$1:$AK$1,0)),INDEX('Link Shifting'!$1:$1048576,MATCH(_xlfn.SINGLE('Lookup-Sheet'!$D:$D),'Link Shifting'!$AC:$AC,0),MATCH(_xlfn.SINGLE('Lookup-Sheet'!$A$1:$M$1),'Link Shifting'!$A$1:$AD$1,0))), "No Data Found")) | K17: =IF(OR(_xlfn.SINGLE('Lookup-Sheet'!$D:D) = "", ISNUMBER(SEARCH("CRQ",_xlfn.SINGLE(D:D )))), "",IFERROR(IFERROR(INDEX(B2B!$1:$1048576,MATCH(_xlfn.SINGLE('Lookup-Sheet'!$D:$D),B2B!$AD:$AD,0),MATCH(_xlfn.SINGLE('Lookup-Sheet'!$A$1:$M$1),B2B!$A$1:$AK$1,0)),INDEX('Link Shifting'!$1:$1048576,MATCH(_xlfn.SINGLE('Lookup-Sheet'!$D:$D),'Link Shifting'!$AC:$AC,0),MATCH(_xlfn.SINGLE('Lookup-Sheet'!$A$1:$M$1),'Link Shifting'!$A$1:$AD$1,0))), "No Data Found")) | L17: =IF(OR(_xlfn.SINGLE('Lookup-Sheet'!$D:D) = "", ISNUMBER(SEARCH("CRQ",_xlfn.SINGLE(D:D )))), "",IFERROR(IFERROR(INDEX(B2B!$1:$1048576,MATCH(_xlfn.SINGLE('Lookup-Sheet'!$D:$D),B2B!$AD:$AD,0),MATCH(_xlfn.SINGLE('Lookup-Sheet'!$A$1:$M$1),B2B!$A$1:$AK$1,0)),INDEX('Link Shifting'!$1:$1048576,MATCH(_xlfn.SINGLE('Lookup-Sheet'!$D:$D),'Link Shifting'!$AC:$AC,0),MATCH(_xlfn.SINGLE('Lookup-Sheet'!$A$1:$M$1),'Link Shifting'!$A$1:$AD$1,0))), "No Data Found")) | M17: =IF(OR(_xlfn.SINGLE('Lookup-Sheet'!$D:D) = "", ISNUMBER(SEARCH("CRQ",_xlfn.SINGLE(D:D )))), "",IFERROR(IFERROR(INDEX(B2B!$1:$1048576,MATCH(_xlfn.SINGLE('Lookup-Sheet'!$D:$D),B2B!$AD:$AD,0),MATCH(_xlfn.SINGLE('Lookup-Sheet'!$A$1:$M$1),B2B!$A$1:$AK$1,0)),INDEX('Link Shifting'!$1:$1048576,MATCH(_xlfn.SINGLE('Lookup-Sheet'!$D:$D),'Link Shifting'!$AC:$AC,0),MATCH(_xlfn.SINGLE('Lookup-Sheet'!$A$1:$M$1),'Link Shifting'!$A$1:$AD$1,0))), "No Data Found"))
A18: =IF(OR(_xlfn.SINGLE('Lookup-Sheet'!$D:D) = "", ISNUMBER(SEARCH("CRQ",_xlfn.SINGLE(D:D )))), "",IFERROR(IFERROR(INDEX(B2B!$1:$1048576,MATCH(_xlfn.SINGLE('Lookup-Sheet'!$D:$D),B2B!$AD:$AD,0),MATCH(_xlfn.SINGLE('Lookup-Sheet'!$A$1:$M$1),B2B!$A$1:$AK$1,0)),INDEX('Link Shifting'!$1:$1048576,MATCH(_xlfn.SINGLE('Lookup-Sheet'!$D:$D),'Link Shifting'!$AC:$AC,0),MATCH(_xlfn.SINGLE('Lookup-Sheet'!$A$1:$M$1),'Link Shifting'!$A$1:$AD$1,0))), "No Data Found")) -> Active | B18: =IF(OR(_xlfn.SINGLE('Lookup-Sheet'!$D:D) = "", ISNUMBER(SEARCH("CRQ",_xlfn.SINGLE(D:D )))), "",IFERROR(IFERROR(INDEX(B2B!$1:$1048576,MATCH(_xlfn.SINGLE('Lookup-Sheet'!$D:$D),B2B!$AD:$AD,0),MATCH(_xlfn.SINGLE('Lookup-Sheet'!$A$1:$M$1),B2B!$A$1:$AK$1,0)),INDEX('Link Shifting'!$1:$1048576,MATCH(_xlfn.SINGLE('Lookup-Sheet'!$D:$D),'Link Shifting'!$AC:$AC,0),MATCH(_xlfn.SINGLE('Lookup-Sheet'!$A$1:$M$1),'Link Shifting'!$A$1:$AD$1,0))), "No Data Found")) -> 50 | C18: =IF(D:D="","",IF(ISNUMBER(SEARCH("CRQ",D:D)),D:D,C17)) -> CRQ: 1100196646 (16-JAN) | D18: 14710891 | E18: =IF(OR(_xlfn.SINGLE('Lookup-Sheet'!$D:D) = "", ISNUMBER(SEARCH("CRQ",_xlfn.SINGLE(D:D )))), "",IFERROR(IFERROR(INDEX(B2B!$1:$1048576,MATCH(_xlfn.SINGLE('Lookup-Sheet'!$D:$D),B2B!$AD:$AD,0),MATCH(_xlfn.SINGLE('Lookup-Sheet'!$A$1:$M$1),B2B!$A$1:$AK$1,0)),INDEX('Link Shifting'!$1:$1048576,MATCH(_xlfn.SINGLE('Lookup-Sheet'!$D:$D),'Link Shifting'!$AC:$AC,0),MATCH(_xlfn.SINGLE('Lookup-Sheet'!$A$1:$M$1),'Link Shifting'!$A$1:$AD$1,0))), "No Data Found")) -> Vihaan Telecom | F18: =IF(OR(_xlfn.SINGLE('Lookup-Sheet'!$D:D) = "", ISNUMBER(SEARCH("CRQ",_xlfn.SINGLE(D:D )))), "",IFERROR(IFERROR(INDEX(B2B!$1:$1048576,MATCH(_xlfn.SINGLE('Lookup-Sheet'!$D:$D),B2B!$AD:$AD,0),MATCH(_xlfn.SINGLE('Lookup-Sheet'!$A$1:$M$1),B2B!$A$1:$AK$1,0)),INDEX('Link Shifting'!$1:$1048576,MATCH(_xlfn.SINGLE('Lookup-Sheet'!$D:$D),'Link Shifting'!$AC:$AC,0),MATCH(_xlfn.SINGLE('Lookup-Sheet'!$A$1:$M$1),'Link Shifting'!$A$1:$AD$1,0))), "No Data Found")) -> Ahmedabad | G18: =IF(OR(_xlfn.SINGLE('Lookup-Sheet'!$D:D) = "", ISNUMBER(SEARCH("CRQ",_xlfn.SINGLE(D:D )))), "",IFERROR(IFERROR(INDEX(B2B!$1:$1048576,MATCH(_xlfn.SINGLE('Lookup-Sheet'!$D:$D),B2B!$AD:$AD,0),MATCH(_xlfn.SINGLE('Lookup-Sheet'!$A$1:$M$1),B2B!$A$1:$AK$1,0)),INDEX('Link Shifting'!$1:$1048576,MATCH(_xlfn.SINGLE('Lookup-Sheet'!$D:$D),'Link Shifting'!$AC:$AC,0),MATCH(_xlfn.SINGLE('Lookup-Sheet'!$A$1:$M$1),'Link Shifting'!$A$1:$AD$1,0))), "No Data Found")) -> Ahmedabad | H18: =IF(OR(_xlfn.SINGLE('Lookup-Sheet'!$D:D) = "", ISNUMBER(SEARCH("CRQ",_xlfn.SINGLE(D:D )))), "",IFERROR(IFERROR(INDEX(B2B!$1:$1048576,MATCH(_xlfn.SINGLE('Lookup-Sheet'!$D:$D),B2B!$AD:$AD,0),MATCH(_xlfn.SINGLE('Lookup-Sheet'!$A$1:$M$1),B2B!$A$1:$AK$1,0)),INDEX('Link Shifting'!$1:$1048576,MATCH(_xlfn.SINGLE('Lookup-Sheet'!$D:$D),'Link Shifting'!$AC:$AC,0),MATCH(_xlfn.SINGLE('Lookup-Sheet'!$A$1:$M$1),'Link Shifting'!$A$1:$AD$1,0))), "No Data Found")) -> AMD/VHT/901 | I18: =IF(OR(_xlfn.SINGLE('Lookup-Sheet'!$D:D) = "", ISNUMBER(SEARCH("CRQ",_xlfn.SINGLE(D:D )))), "",IFERROR(IFERROR(INDEX(B2B!$1:$1048576,MATCH(_xlfn.SINGLE('Lookup-Sheet'!$D:$D),B2B!$AD:$AD,0),MATCH(_xlfn.SINGLE('Lookup-Sheet'!$A$1:$M$1),B2B!$A$1:$AK$1,0)),INDEX('Link Shifting'!$1:$1048576,MATCH(_xlfn.SINGLE('Lookup-Sheet'!$D:$D),'Link Shifting'!$AC:$AC,0),MATCH(_xlfn.SINGLE('Lookup-Sheet'!$A$1:$M$1),'Link Shifting'!$A$1:$AD$1,0))), "No Data Found")) -> AMD/NBT/043 | J18: =IF(OR(_xlfn.SINGLE('Lookup-Sheet'!$D:D) = "", ISNUMBER(SEARCH("CRQ",_xlfn.SINGLE(D:D )))), "",IFERROR(IFERROR(INDEX(B2B!$1:$1048576,MATCH(_xlfn.SINGLE('Lookup-Sheet'!$D:$D),B2B!$AD:$AD,0),MATCH(_xlfn.SINGLE('Lookup-Sheet'!$A$1:$M$1),B2B!$A$1:$AK$1,0)),INDEX('Link Shifting'!$1:$1048576,MATCH(_xlfn.SINGLE('Lookup-Sheet'!$D:$D),'Link Shifting'!$AC:$AC,0),MATCH(_xlfn.SINGLE('Lookup-Sheet'!$A$1:$M$1),'Link Shifting'!$A$1:$AD$1,0))), "No Data Found")) -> AMD/VHT/901 AMD_VHT_901_1AC_B_HAT950BR048 - GigabitEthernet0/1/7 : 1017 | K18: =IF(OR(_xlfn.SINGLE('Lookup-Sheet'!$D:D) = "", ISNUMBER(SEARCH("CRQ",_xlfn.SINGLE(D:D )))), "",IFERROR(IFERROR(INDEX(B2B!$1:$1048576,MATCH(_xlfn.SINGLE('Lookup-Sheet'!$D:$D),B2B!$AD:$AD,0),MATCH(_xlfn.SINGLE('Lookup-Sheet'!$A$1:$M$1),B2B!$A$1:$AK$1,0)),INDEX('Link Shifting'!$1:$1048576,MATCH(_xlfn.SINGLE('Lookup-Sheet'!$D:$D),'Link Shifting'!$AC:$AC,0),MATCH(_xlfn.SINGLE('Lookup-Sheet'!$A$1:$M$1),'Link Shifting'!$A$1:$AD$1,0))), "No Data Found")) -> AMD_BCLGJ_NBT_P_E54083 TS2-2 (Required SFP) | L18: =IF(OR(_xlfn.SINGLE('Lookup-Sheet'!$D:D) = "", ISNUMBER(SEARCH("CRQ",_xlfn.SINGLE(D:D )))), "",IFERROR(IFERROR(INDEX(B2B!$1:$1048576,MATCH(_xlfn.SINGLE('Lookup-Sheet'!$D:$D),B2B!$AD:$AD,0),MATCH(_xlfn.SINGLE('Lookup-Sheet'!$A$1:$M$1),B2B!$A$1:$AK$1,0)),INDEX('Link Shifting'!$1:$1048576,MATCH(_xlfn.SINGLE('Lookup-Sheet'!$D:$D),'Link Shifting'!$AC:$AC,0),MATCH(_xlfn.SINGLE('Lookup-Sheet'!$A$1:$M$1),'Link Shifting'!$A$1:$AD$1,0))), "No Data Found")) -> Airtel | M18: =IF(OR(_xlfn.SINGLE('Lookup-Sheet'!$D:D) = "", ISNUMBER(SEARCH("CRQ",_xlfn.SINGLE(D:D )))), "",IFERROR(IFERROR(INDEX(B2B!$1:$1048576,MATCH(_xlfn.SINGLE('Lookup-Sheet'!$D:$D),B2B!$AD:$AD,0),MATCH(_xlfn.SINGLE('Lookup-Sheet'!$A$1:$M$1),B2B!$A$1:$AK$1,0)),INDEX('Link Shifting'!$1:$1048576,MATCH(_xlfn.SINGLE('Lookup-Sheet'!$D:$D),'Link Shifting'!$AC:$AC,0),MATCH(_xlfn.SINGLE('Lookup-Sheet'!$A$1:$M$1),'Link Shifting'!$A$1:$AD$1,0))), "No Data Found")) -> P2P
